-- phpMyAdmin SQL Dump
-- version 3.5.1
-- http://www.phpmyadmin.net
--
-- Host: localhost
-- Generation Time: Jul 02, 2013 at 05:55 PM
-- Server version: 5.5.25
-- PHP Version: 5.4.4

SET SQL_MODE="NO_AUTO_VALUE_ON_ZERO";
SET time_zone = "+00:00";


/*!40101 SET @OLD_CHARACTER_SET_CLIENT=@@CHARACTER_SET_CLIENT */;
/*!40101 SET @OLD_CHARACTER_SET_RESULTS=@@CHARACTER_SET_RESULTS */;
/*!40101 SET @OLD_COLLATION_CONNECTION=@@COLLATION_CONNECTION */;
/*!40101 SET NAMES utf8 */;

--
-- Database: `marketips`
--

-- --------------------------------------------------------

--
-- Table structure for table `Ano`
--

CREATE TABLE `Ano` (
  `AID` int(11) NOT NULL AUTO_INCREMENT,
  `AAno` bigint(20) NOT NULL,
  PRIMARY KEY (`AID`)
) ENGINE=InnoDB  DEFAULT CHARSET=latin1 AUTO_INCREMENT=4 ;

--
-- Dumping data for table `Ano`
--

INSERT INTO `Ano` (`AID`, `AAno`) VALUES
(1, 2012),
(2, 2011),
(3, 2013);

-- --------------------------------------------------------

--
-- Table structure for table `Categoria`
--

CREATE TABLE `Categoria` (
  `CID` int(11) NOT NULL AUTO_INCREMENT,
  `CNome` varchar(150) NOT NULL,
  PRIMARY KEY (`CID`),
  UNIQUE KEY `CNome` (`CNome`)
) ENGINE=InnoDB  DEFAULT CHARSET=latin1 AUTO_INCREMENT=161 ;

--
-- Dumping data for table `Categoria`
--

INSERT INTO `Categoria` (`CID`, `CNome`) VALUES
(1, '-'),
(147, 'Adaptadores e Placas'),
(142, 'Celulares fixos GSM'),
(146, 'Gerenciamento de Imagem'),
(140, 'Headsets'),
(145, 'Modem ADSL'),
(141, 'Radiocomunicadores'),
(143, 'Roteadores'),
(148, 'Switches'),
(139, 'Telefones com fio'),
(138, 'Telefones sem fio'),
(160, 'TESTE TESTE');

-- --------------------------------------------------------

--
-- Table structure for table `Marca`
--

CREATE TABLE `Marca` (
  `MAID` int(11) NOT NULL AUTO_INCREMENT,
  `MANome` varchar(45) DEFAULT NULL,
  `MANome1` varchar(45) DEFAULT NULL,
  `MANome2` varchar(45) DEFAULT NULL,
  PRIMARY KEY (`MAID`),
  UNIQUE KEY `MANome` (`MANome`)
) ENGINE=InnoDB  DEFAULT CHARSET=latin1 AUTO_INCREMENT=481 ;

--
-- Dumping data for table `Marca`
--

INSERT INTO `Marca` (`MAID`, `MANome`, `MANome1`, `MANome2`) VALUES
(1, '-', NULL, NULL),
(2, ' GE ', ' GE,', NULL),
(3, ' HP ', NULL, NULL),
(4, ' NEC ', ' NEC.', NULL),
(5, '3COM', NULL, NULL),
(6, 'AAPRO', NULL, NULL),
(7, 'AASTRA', NULL, NULL),
(8, 'ABELL', 'Abell', NULL),
(9, 'ADB', NULL, NULL),
(10, 'AEVISION', NULL, NULL),
(11, 'AIRLINK', NULL, NULL),
(12, 'AIRLIVE', NULL, NULL),
(13, 'AIRMAX', NULL, NULL),
(14, 'AJA', NULL, NULL),
(15, 'ALCATEL-LUCENT', 'ALCATEL', ''),
(16, 'ALFA NETWORKS', NULL, NULL),
(17, 'ALLIED TELESIS', 'Allied Telesis', NULL),
(18, 'AMELCO', NULL, NULL),
(19, 'AMERICAN DYNAMICS', NULL, NULL),
(20, 'ANGESI TECH', NULL, NULL),
(21, 'ANV SECURITY', NULL, NULL),
(22, 'AOP VISION', NULL, NULL),
(23, 'AP ROUTER', NULL, NULL),
(24, 'APC', NULL, NULL),
(25, 'APOGEE', NULL, NULL),
(26, 'APPLE', NULL, NULL),
(27, 'APTTEK', NULL, NULL),
(28, 'ARCADYAN', NULL, NULL),
(29, 'ARGTEK', NULL, NULL),
(30, 'ARRIS', NULL, NULL),
(31, 'ARTNIX', NULL, NULL),
(32, 'ASCOM', NULL, NULL),
(33, 'ASUS', NULL, NULL),
(34, 'AT&T', NULL, NULL),
(35, 'ATIVA', NULL, NULL),
(36, 'ATRONIX', NULL, NULL),
(37, 'AUCOM', NULL, NULL),
(38, 'AUTOSECU', NULL, NULL),
(39, 'AVALEX', NULL, NULL),
(40, 'AVANTEC', NULL, NULL),
(41, 'AVANTECH', NULL, NULL),
(42, 'AVAYA', NULL, NULL),
(43, 'AVEMIA', NULL, NULL),
(44, 'AVTECH', NULL, NULL),
(45, 'AZTECH', NULL, NULL),
(46, 'AZURE WAVE', NULL, NULL),
(47, 'B4M', NULL, NULL),
(48, 'BABSONG', NULL, NULL),
(49, 'BANG & OLUFSEN', NULL, NULL),
(50, 'BAOSHEN', NULL, NULL),
(51, 'BEETEL', NULL, NULL),
(52, 'BELKIN', NULL, NULL),
(53, 'BENJI', NULL, NULL),
(54, 'BIAOBO', NULL, NULL),
(55, 'BIG CCTV', NULL, NULL),
(56, 'Black Box', NULL, NULL),
(57, 'BLUE-COAT', NULL, NULL),
(58, 'BOSCH', NULL, NULL),
(59, 'BOWMAR', NULL, NULL),
(60, 'BRAKO', NULL, NULL),
(61, 'BRAXEL', NULL, NULL),
(62, ' BSMART ', NULL, NULL),
(63, 'BUFFALO', NULL, NULL),
(64, 'BXS', NULL, NULL),
(65, 'BYCON', NULL, NULL),
(66, 'C-NET', NULL, NULL),
(67, 'C3 TECH', NULL, NULL),
(68, 'CANTONK', NULL, NULL),
(69, 'CARREFOUR', NULL, NULL),
(70, 'CBC AMERICA', NULL, NULL),
(71, 'CHANNEL VISION', NULL, NULL),
(72, 'CHEETA TECHNOLOGY', NULL, NULL),
(73, 'CHINO-E', NULL, NULL),
(74, 'CHUNG SHING', NULL, NULL),
(75, 'CISCO', NULL, NULL),
(76, 'CISCO/LINKSYS', NULL, NULL),
(77, 'CLEAR', NULL, NULL),
(78, 'CNM', NULL, NULL),
(79, 'COBRA', NULL, NULL),
(80, 'COMPAL', NULL, NULL),
(81, 'COMPEX', NULL, NULL),
(82, 'COMTAC', NULL, NULL),
(83, 'COMTREND', NULL, NULL),
(84, 'COP TECH', NULL, NULL),
(85, 'COPTEK', NULL, NULL),
(86, 'CP CAM', NULL, NULL),
(87, 'CRADLEPOINT', NULL, NULL),
(88, 'Crestron', NULL, NULL),
(89, 'CSST', NULL, NULL),
(90, 'D-LINK', NULL, NULL),
(91, 'D-MAX', NULL, NULL),
(92, 'D-NET', 'D-Net', NULL),
(93, 'DA VINCI', NULL, NULL),
(94, 'DAHUA', NULL, NULL),
(95, 'DAMOVO', NULL, NULL),
(96, 'DATASURE', NULL, NULL),
(97, 'DAYANG', NULL, NULL),
(98, 'DEFENDER', NULL, NULL),
(99, 'DELL', NULL, NULL),
(100, 'DI-VENTIX', NULL, NULL),
(101, 'DIGIDESIGN', NULL, NULL),
(102, 'DIGIFOCUS', NULL, NULL),
(103, 'DIGISTAR', NULL, NULL),
(104, 'DIGITAL BRAS', NULL, NULL),
(105, 'DIGITAL VISION', NULL, NULL),
(106, 'DIGITAL WATCHDOGS', NULL, NULL),
(107, 'DIGITALVIEW', NULL, NULL),
(108, 'DISNEY', NULL, NULL),
(109, 'DNF', NULL, NULL),
(110, 'DOTIX', NULL, NULL),
(111, 'DRAITEK', NULL, NULL),
(112, 'DRAYTEK', NULL, NULL),
(113, 'DSLINK', NULL, NULL),
(114, 'DVRTEC', NULL, NULL),
(115, 'DYNACOLOR', NULL, NULL),
(116, 'DYNALINK', NULL, NULL),
(117, 'EAGLE EYE', NULL, NULL),
(118, 'EAGLE VISION', NULL, NULL),
(119, 'EARSET', NULL, NULL),
(120, 'ECHO', NULL, NULL),
(121, 'EDGE CORE', 'Edge Core', NULL),
(122, 'EDIMAX', NULL, NULL),
(123, 'EDIUS', NULL, NULL),
(124, 'EDUP', NULL, NULL),
(125, 'ELGIN', NULL, NULL),
(126, 'ELSYS', NULL, NULL),
(127, 'ENCORE', NULL, NULL),
(128, 'ENGENIUS', NULL, NULL),
(129, 'ENTERASYS', NULL, NULL),
(130, 'ENVIEW', NULL, NULL),
(131, 'ENXUN DIGITAL', NULL, NULL),
(132, 'ERICSSON', NULL, NULL),
(133, 'Eterna', NULL, NULL),
(134, 'EUROTEL', NULL, NULL),
(135, 'EVERFOCUS', NULL, NULL),
(136, 'EVERPRO', NULL, NULL),
(137, 'EVS', NULL, NULL),
(138, 'EXTREME NETWORKS', NULL, NULL),
(139, 'EYE SPY', NULL, NULL),
(140, 'FELITRON', NULL, NULL),
(141, 'FINEST', NULL, NULL),
(142, 'FLEXWATCH', NULL, NULL),
(143, 'FORCE LINE', NULL, NULL),
(144, 'FUHO', NULL, NULL),
(145, 'FULL LINK', NULL, NULL),
(146, 'G-FORTE', NULL, NULL),
(147, 'G&B', NULL, NULL),
(148, 'GATEWAY', NULL, NULL),
(149, 'GE SECURITY', NULL, NULL),
(150, 'GEEMARC', NULL, NULL),
(151, 'GENERAL VISION', NULL, NULL),
(152, 'GEOVISION', NULL, NULL),
(153, 'GIGASET', 'GIGAS', NULL),
(154, 'GLOBAL CONNECT', NULL, NULL),
(155, 'GLOBAL TEK', NULL, NULL),
(156, 'GLOBALTEK', NULL, NULL),
(157, 'GO VISION', NULL, NULL),
(158, 'GOAL', NULL, NULL),
(159, 'GOTHAN', NULL, NULL),
(160, 'GRASS VALEY', NULL, NULL),
(161, 'GRAVO', NULL, NULL),
(162, 'GREAT ASIA', NULL, NULL),
(163, 'GREATEK', NULL, NULL),
(164, 'GTS NETWORK', NULL, NULL),
(165, 'GUANGZHOU BANGSHI', NULL, NULL),
(166, 'GVI ', NULL, NULL),
(167, 'HAMBANG', NULL, NULL),
(168, 'HANBANG', NULL, NULL),
(169, 'HAWELL', NULL, NULL),
(170, 'HC3 NETWORKS', NULL, NULL),
(171, 'HDL', NULL, NULL),
(172, 'HELLO KITTY', NULL, NULL),
(173, 'HENTAK', NULL, NULL),
(174, 'HEXAPLEX', NULL, NULL),
(175, 'HI-TECH', NULL, NULL),
(176, 'HIKVISION', NULL, NULL),
(177, 'HITI', NULL, NULL),
(178, 'HONEYWELL', NULL, NULL),
(179, 'HUASHI', NULL, NULL),
(180, 'HUAWEI', NULL, NULL),
(181, 'HUNT', NULL, NULL),
(182, 'HW', NULL, NULL),
(183, 'HYPERLINK', 'Hyperlink', NULL),
(184, 'HYT', NULL, NULL),
(185, 'IADEA', NULL, NULL),
(186, 'IBRATELE', NULL, NULL),
(187, 'ICATCH', NULL, NULL),
(188, 'ICD', NULL, NULL),
(189, 'ICEC', NULL, NULL),
(190, 'ICOM', NULL, NULL),
(191, 'INDIGO VISION', NULL, NULL),
(192, 'INFINET', NULL, NULL),
(193, 'INFINITI', NULL, NULL),
(194, 'INIEW', NULL, NULL),
(195, 'INTEL', NULL, NULL),
(196, 'INTELBRAS', NULL, NULL),
(197, 'INTELLEX', NULL, NULL),
(198, 'IOGEAR', NULL, NULL),
(199, 'IP CORDER', NULL, NULL),
(200, 'IP TIME', NULL, NULL),
(201, 'ITM', NULL, NULL),
(202, 'IVISION', NULL, NULL),
(203, 'JABRA', NULL, NULL),
(204, 'JCI', NULL, NULL),
(205, 'JIAHUA', NULL, NULL),
(206, 'JMAV', NULL, NULL),
(207, 'JPP PANVISTA', NULL, NULL),
(208, 'JTC', NULL, NULL),
(209, 'JUNIPER', NULL, NULL),
(210, 'JVC', NULL, NULL),
(211, 'JWIN', NULL, NULL),
(212, 'K-GUARD', NULL, NULL),
(213, 'KAER ', NULL, NULL),
(214, 'KAYOMI', NULL, NULL),
(215, 'KCA', NULL, NULL),
(216, 'KENWOOD', NULL, NULL),
(217, 'KEO', NULL, NULL),
(218, 'KGUARD', NULL, NULL),
(219, 'KINAMAX', NULL, NULL),
(220, 'KINGSE', NULL, NULL),
(221, 'KLIPX', NULL, NULL),
(222, 'KNUP', NULL, NULL),
(223, 'KOCOM', NULL, NULL),
(224, 'KODO', NULL, NULL),
(225, 'KOMORI', NULL, NULL),
(226, 'KONIX', NULL, NULL),
(227, 'KOSKO', NULL, NULL),
(228, 'KRONNUS', NULL, NULL),
(229, 'KVM', NULL, NULL),
(230, 'LAWMATE', NULL, NULL),
(231, 'LB TECHNOLOGY', NULL, NULL),
(232, 'LDR TECH', NULL, NULL),
(233, 'LDS', NULL, NULL),
(234, 'LEADERSHIP', NULL, NULL),
(235, 'LEBOSS', NULL, NULL),
(236, 'LECHO', NULL, NULL),
(237, 'LECVOX', NULL, NULL),
(238, 'LENEL', NULL, NULL),
(239, 'LENOVO', NULL, NULL),
(240, 'LEVEL ONE', 'LEVELONE', NULL),
(241, 'LFTEC', NULL, NULL),
(242, ' LG ', NULL, NULL),
(243, 'LG - ERICSSON', NULL, NULL),
(244, 'LG / NORTEL', NULL, NULL),
(245, 'LG ELETRONICS', NULL, NULL),
(246, 'LIG EASY', NULL, NULL),
(247, 'LILIN', NULL, NULL),
(248, 'LINGTINGZHE', NULL, NULL),
(249, 'LINK POWER', NULL, NULL),
(250, 'LINKBEE', NULL, NULL),
(251, 'LINKSYS', NULL, NULL),
(252, 'LONG CHI', NULL, NULL),
(253, 'LONGSE', NULL, NULL),
(254, 'LOOPCOOM', NULL, NULL),
(255, 'LTL', NULL, NULL),
(256, 'LUVIEW', NULL, NULL),
(257, 'LUXVISION', NULL, NULL),
(258, 'M-AUDIO', NULL, NULL),
(259, 'MARANTZ', NULL, NULL),
(260, 'MARVEL', NULL, NULL),
(261, 'MAXI TELECOM', 'Maxi Telecom', NULL),
(262, 'MAXTEL', NULL, NULL),
(263, 'MAXXISTAR', NULL, NULL),
(264, 'MEDIASET', NULL, NULL),
(265, 'MHK', NULL, NULL),
(266, 'MICRONET', NULL, NULL),
(267, 'MICROSOFT', NULL, NULL),
(268, 'MIKROTIK', NULL, NULL),
(269, 'MIX', NULL, NULL),
(270, 'MKR', NULL, NULL),
(271, 'MODJO', NULL, NULL),
(272, 'MOTOROLA', NULL, NULL),
(273, 'MOXA', NULL, NULL),
(274, 'MSI', NULL, NULL),
(275, 'MULTILASER', NULL, NULL),
(276, 'MULTITECH', NULL, NULL),
(277, 'MULTITOC', NULL, NULL),
(278, 'MYMAX', NULL, NULL),
(279, 'NANFONE', NULL, NULL),
(280, 'NANYANG', NULL, NULL),
(281, 'NEOX', NULL, NULL),
(282, 'NET ACCESS', NULL, NULL),
(283, 'NETGEAR', NULL, NULL),
(284, 'NETRONIX', NULL, NULL),
(285, 'NEUGENT', NULL, NULL),
(286, 'NEW SURWAY', NULL, NULL),
(287, 'NEWFLANGED', NULL, NULL),
(288, 'NEWTECH', NULL, NULL),
(289, 'NEXT', NULL, NULL),
(290, 'NEXXT', NULL, NULL),
(291, 'NIKKO', NULL, NULL),
(292, 'NKS', NULL, NULL),
(293, 'NORSTAR', NULL, NULL),
(294, 'NORTEL', NULL, NULL),
(295, 'NORTEL/AVAYA', NULL, NULL),
(296, 'NUUO', NULL, NULL),
(297, 'OGEMRAY', NULL, NULL),
(298, 'OIW', NULL, NULL),
(299, 'OMNEON', NULL, NULL),
(300, 'OPPO', NULL, NULL),
(301, 'OREGON', NULL, NULL),
(302, 'OVERTEK', NULL, NULL),
(303, 'OVISLINK', NULL, NULL),
(304, 'OZLINE', NULL, NULL),
(305, 'PACIFIC', NULL, NULL),
(306, 'PACIFIC NETWORKS ', NULL, NULL),
(307, 'PANAPHONE', NULL, NULL),
(308, 'PANASONIC', NULL, NULL),
(309, 'PANATEL', NULL, NULL),
(310, 'PELCO', NULL, NULL),
(311, 'PHILCO', NULL, NULL),
(312, 'PHILIPS', 'Philips', NULL),
(313, 'PHONETECH', NULL, NULL),
(314, 'PINETRON', NULL, NULL),
(315, 'PIXEL', NULL, NULL),
(316, 'PLANET', NULL, NULL),
(317, 'PLANTRONICS', NULL, NULL),
(318, 'POLAR', NULL, NULL),
(319, 'POLYCOM', NULL, NULL),
(320, 'POSANTEL', NULL, NULL),
(321, 'PREMIER', NULL, NULL),
(322, 'PRODIGY', NULL, NULL),
(323, 'PROELETRONIC', NULL, NULL),
(324, 'PROJECT SYSTEM', NULL, NULL),
(325, 'PROSALE', NULL, NULL),
(326, 'PROVISION', NULL, NULL),
(327, 'PROVISUAL', NULL, NULL),
(328, 'Q-SEE', NULL, NULL),
(329, 'QIHAN', NULL, NULL),
(330, 'QUADDRIX', NULL, NULL),
(331, 'QUANTUM', NULL, NULL),
(332, 'RETIX', NULL, NULL),
(333, 'REVO', NULL, NULL),
(334, 'RF CONCEPTS', NULL, NULL),
(335, 'ROEL', NULL, NULL),
(336, 'SAFI', NULL, NULL),
(337, 'SAGEM', NULL, NULL),
(338, 'SAGEMCOM', NULL, NULL),
(339, 'SAGEN', NULL, NULL),
(340, 'SAITELL', NULL, NULL),
(341, 'SAMSUNG', NULL, NULL),
(342, 'SANAN', NULL, NULL),
(343, 'SANKEY', NULL, NULL),
(344, 'SANTEL', NULL, NULL),
(345, 'SCATI LABS', NULL, NULL),
(346, 'SEC-EGO', NULL, NULL),
(347, 'SECAM', NULL, NULL),
(348, 'SECUEASY', NULL, NULL),
(349, 'SECUPOINTER', NULL, NULL),
(350, 'SECWATCH', NULL, NULL),
(351, 'SEENERGY', NULL, NULL),
(352, 'SEMP TOSHIBA', NULL, NULL),
(353, 'SENAO', NULL, NULL),
(354, 'SEYKON', NULL, NULL),
(355, 'SG SECURITY', NULL, NULL),
(356, 'SHARPVISION', NULL, NULL),
(357, 'SHENKINHAO', NULL, NULL),
(358, 'SHOREGEAR', NULL, NULL),
(359, 'SIERRA', '', ''),
(360, 'SIG', NULL, NULL),
(361, 'SILEX', NULL, NULL),
(362, 'SIMBATEC', NULL, NULL),
(363, 'SINEW', NULL, NULL),
(364, 'SIROCO', NULL, NULL),
(365, 'SKH', NULL, NULL),
(366, 'SKYBEST', NULL, NULL),
(367, 'SKYCITY', NULL, NULL),
(368, 'SKYWAY', NULL, NULL),
(369, 'SMART LAN', NULL, NULL),
(370, 'SMC NETWORKS', NULL, NULL),
(371, 'SMD', NULL, NULL),
(372, 'SONIVOX', NULL, NULL),
(373, 'SONY', NULL, NULL),
(374, 'SPECTRA SYSTEM', NULL, NULL),
(375, 'SQUITTER', NULL, NULL),
(376, 'SSY', NULL, NULL),
(377, 'ST SECURITY', NULL, NULL),
(378, 'STAR TECHNOLOGY', NULL, NULL),
(379, 'STILUS', NULL, NULL),
(380, 'STL', NULL, NULL),
(381, 'SUN MICROSYSTEM', NULL, NULL),
(382, 'SUNIVISION', NULL, NULL),
(383, 'SUNSKY', NULL, NULL),
(384, 'SUZUKI SECURITY', NULL, NULL),
(385, 'SWANN', NULL, NULL),
(386, 'SYAC', NULL, NULL),
(387, 'SYBA', NULL, NULL),
(388, 'T-KLAR', NULL, NULL),
(389, 'TADIRAN', NULL, NULL),
(390, 'TAIFENG NETWORK', NULL, NULL),
(391, 'TARGUS', NULL, NULL),
(392, 'TECNSYS', NULL, NULL),
(393, 'TECVOZ', NULL, NULL),
(394, 'TEEM', NULL, NULL),
(395, 'TEKSEG', NULL, NULL),
(396, 'TELEJI', NULL, NULL),
(397, 'TELELYNX', NULL, NULL),
(398, 'TELEMATRIX', NULL, NULL),
(399, 'TELEPOWER', NULL, NULL),
(400, 'TELFON', NULL, NULL),
(401, 'TELLABS', NULL, NULL),
(402, 'TELSEC', NULL, NULL),
(403, 'TENDA', NULL, NULL),
(404, 'TEX', NULL, NULL),
(405, 'THOMPSON/TECHNICOLOR', NULL, NULL),
(406, 'THUM', NULL, NULL),
(407, 'TIANHAO', NULL, NULL),
(408, 'TOMTECH', NULL, NULL),
(409, 'TOP BAND', NULL, NULL),
(410, 'TOP USE', NULL, NULL),
(411, 'TOPWAY', NULL, NULL),
(412, 'TOSHIBA', NULL, NULL),
(413, 'TP-LINK', NULL, NULL),
(414, 'TRANSITION', 'Transition', NULL),
(415, 'TRANSNET', NULL, NULL),
(416, 'TRELLIS', NULL, NULL),
(417, 'TRENDNET', NULL, NULL),
(418, 'TVT', NULL, NULL),
(419, 'TYJOON', NULL, NULL),
(420, 'UBIQUITI', NULL, NULL),
(421, 'UNIDEN', NULL, NULL),
(422, 'UNIXTRON', NULL, NULL),
(423, 'UNOTEK', NULL, NULL),
(424, 'UVISION', NULL, NULL),
(425, 'VANGOLD', NULL, NULL),
(426, 'VANGUARD', NULL, NULL),
(427, 'VECTEL', NULL, NULL),
(428, 'VECTRUX', NULL, NULL),
(429, 'VENETIAN', NULL, NULL),
(430, 'VEONIC', NULL, NULL),
(431, 'VERTEX', NULL, NULL),
(432, 'VGA', NULL, NULL),
(433, 'VID8', NULL, NULL),
(434, 'VIEWSE', NULL, NULL),
(435, 'VIOSTOR', NULL, NULL),
(436, 'VISION ', NULL, NULL),
(437, 'VISION X', NULL, NULL),
(438, 'VISIONDIGI', NULL, NULL),
(439, 'VISUAL TOOLS', NULL, NULL),
(440, 'VITORIA', NULL, NULL),
(441, 'VIVITAR', NULL, NULL),
(442, 'VIVOTEK', NULL, NULL),
(443, 'VOYAGER', NULL, NULL),
(444, 'VPON', NULL, NULL),
(445, 'VTECH', 'V-tech', 'V-TECH'),
(446, 'VTEK', NULL, NULL),
(447, 'VTV', NULL, NULL),
(448, 'WANTONG', NULL, NULL),
(449, 'WARM SUN', NULL, NULL),
(450, 'WATCH-GUARD', NULL, NULL),
(451, 'WEI DRY', NULL, NULL),
(452, 'WEISKY', NULL, NULL),
(453, 'WINCCO', NULL, NULL),
(454, 'WINSTAR', NULL, NULL),
(455, 'WINSTARS', NULL, NULL),
(456, 'WISECASE', 'WiseCase', NULL),
(457, 'WITSON', NULL, NULL),
(458, 'XBEE', NULL, NULL),
(459, 'XIANTONG', NULL, NULL),
(460, 'XIMUS', NULL, NULL),
(461, 'XTERASYS', NULL, NULL),
(462, 'XTS ', NULL, NULL),
(463, 'YOKO', NULL, NULL),
(464, 'Z-BEM', NULL, NULL),
(465, 'ZAGG', NULL, NULL),
(466, 'ZCOM', NULL, NULL),
(467, 'ZCOMAX', NULL, NULL),
(468, 'ZEIN', NULL, NULL),
(469, 'ZHONGBEN', NULL, NULL),
(470, 'ZINWELL', NULL, NULL),
(471, 'ZIONCOM', NULL, NULL),
(472, 'ZOGIS', NULL, NULL),
(473, 'ZONET', NULL, NULL),
(474, 'ZOX', NULL, NULL),
(475, 'ZTE', NULL, NULL),
(476, 'ZTV ', NULL, NULL),
(477, 'ZUHAI RAYSHARP', NULL, NULL),
(478, 'FORTINET', '', ''),
(479, 'KORENIX', '', ''),
(480, 'BECKHOFF', '', '');

-- --------------------------------------------------------

--
-- Table structure for table `Modelo`
--

CREATE TABLE `Modelo` (
  `MOID` int(3) NOT NULL AUTO_INCREMENT,
  `MNome` varchar(22) DEFAULT NULL,
  `MNome1` varchar(22) DEFAULT NULL,
  `MNome2` varchar(20) DEFAULT NULL,
  `MNome3` varchar(18) DEFAULT NULL,
  `MNome4` varchar(18) DEFAULT NULL,
  `Categoria_CID` int(1) DEFAULT NULL,
  `Marca_MAID` int(2) DEFAULT NULL,
  `SubCategoria1_SCID` int(2) DEFAULT NULL,
  `SubCategoria2_SCID` int(2) DEFAULT NULL,
  `SubCategoria3_SCID` int(2) DEFAULT NULL,
  `SubCategoria4_SCID` int(2) DEFAULT NULL,
  `SubCategoria5_SCID` int(1) DEFAULT NULL,
  `SubCategoria6_SCID` int(2) DEFAULT NULL,
  `SubCategoria7_SCID` int(1) DEFAULT NULL,
  `SubCategoria8_SCID` int(1) DEFAULT NULL,
  PRIMARY KEY (`MOID`),
  UNIQUE KEY `MNome` (`MNome`),
  KEY `SubCategoria1_SCID` (`SubCategoria1_SCID`),
  KEY `SubCategoria2_SCID` (`SubCategoria2_SCID`),
  KEY `SubCategoria3_SCID` (`SubCategoria3_SCID`),
  KEY `SubCategoria4_SCID` (`SubCategoria4_SCID`),
  KEY `SubCategoria5_SCID` (`SubCategoria5_SCID`),
  KEY `SubCategoria6_SCID` (`SubCategoria6_SCID`),
  KEY `SubCategoria7_SCID` (`SubCategoria7_SCID`),
  KEY `SubCategoria8_SCID` (`SubCategoria8_SCID`)
) ENGINE=InnoDB  DEFAULT CHARSET=utf8 AUTO_INCREMENT=954 ;

--
-- Dumping data for table `Modelo`
--

INSERT INTO `Modelo` (`MOID`, `MNome`, `MNome1`, `MNome2`, `MNome3`, `MNome4`, `Categoria_CID`, `Marca_MAID`, `SubCategoria1_SCID`, `SubCategoria2_SCID`, `SubCategoria3_SCID`, `SubCategoria4_SCID`, `SubCategoria5_SCID`, `SubCategoria6_SCID`, `SubCategoria7_SCID`, `SubCategoria8_SCID`) VALUES
(1, '-', NULL, NULL, NULL, NULL, 1, 1, 1, 1, 1, 1, 1, 1, 1, 1),
(2, 'VERSATIS M250', 'VERSATIS M250', NULL, NULL, NULL, 138, 15, 1, 1, 1, 1, 1, 1, 1, 1),
(3, '25922GE1', '25922GE1', NULL, NULL, NULL, 138, 2, 1, 1, 1, 1, 1, 1, 1, 1),
(4, '27851GE1', '27851GE1', NULL, NULL, NULL, 138, 2, 1, 1, 1, 1, 1, 1, 1, 1),
(5, '27956FE1', '27956FE1', NULL, NULL, NULL, 138, 2, 1, 1, 1, 1, 1, 1, 1, 1),
(6, '28512EE1', '28512EE1', NULL, NULL, NULL, 138, 2, 1, 1, 1, 1, 1, 1, 1, 1),
(7, '28527EE1', '28527EE1', NULL, NULL, NULL, 138, 2, 1, 1, 1, 1, 1, 1, 1, 1),
(8, '300 DECT', '300 DECT', NULL, NULL, NULL, 138, 15, 1, 1, 1, 1, 1, 1, 1, 1),
(9, '30501FE1', '30501FE1', NULL, NULL, NULL, 138, 2, 1, 1, 1, 1, 1, 1, 1, 1),
(10, '358 PLUS', NULL, NULL, NULL, NULL, 138, 353, 1, 1, 1, 1, 1, 1, 1, 1),
(11, 'ALBA200LABLK', 'ALBA200LABLK', NULL, NULL, NULL, 138, 15, 1, 1, 1, 1, 1, 1, 1, 1),
(12, 'ALBA200LADUO', 'ALBA200LADUO', NULL, NULL, NULL, 138, 15, 1, 1, 1, 1, 1, 1, 1, 1),
(13, 'ALCATEL 400', 'ALCATEL 400', NULL, NULL, NULL, 138, 15, 1, 1, 1, 1, 1, 1, 1, 1),
(14, 'ALCATEL 4039', 'ALCATEL 4039', NULL, NULL, NULL, 138, 15, 1, 1, 1, 1, 1, 1, 1, 1),
(15, 'ALVM250LA', 'ALVM250LA', NULL, NULL, NULL, 138, 15, 1, 1, 1, 1, 1, 1, 1, 1),
(16, 'AR5053', NULL, NULL, NULL, NULL, 138, 287, 1, 1, 1, 1, 1, 1, 1, 1),
(17, 'AR-5053', 'AR5053', NULL, NULL, NULL, 138, 280, 1, 1, 1, 1, 1, 1, 1, 1),
(18, 'AR-5056', NULL, NULL, NULL, NULL, 138, 74, 1, 1, 1, 1, 1, 1, 1, 1),
(19, 'B-11', NULL, NULL, NULL, NULL, 138, 235, 1, 1, 1, 1, 1, 1, 1, 1),
(20, 'B-13', NULL, NULL, NULL, NULL, 138, 235, 1, 1, 1, 1, 1, 1, 1, 1),
(21, 'B-17', NULL, NULL, NULL, NULL, 138, 235, 1, 1, 1, 1, 1, 1, 1, 1),
(22, 'B-333', NULL, NULL, NULL, NULL, 138, 235, 1, 1, 1, 1, 1, 1, 1, 1),
(23, 'B-363', NULL, NULL, NULL, NULL, 138, 235, 1, 1, 1, 1, 1, 1, 1, 1),
(24, 'B-367', NULL, NULL, NULL, NULL, 138, 235, 1, 1, 1, 1, 1, 1, 1, 1),
(25, 'B-368', NULL, NULL, NULL, NULL, 138, 235, 1, 1, 1, 1, 1, 1, 1, 1),
(26, 'B-555', NULL, NULL, NULL, NULL, 138, 235, 1, 1, 1, 1, 1, 1, 1, 1),
(27, 'BA50LA', 'BA50LA', NULL, NULL, NULL, 138, 15, 1, 1, 1, 1, 1, 1, 1, 1),
(28, 'BEOCOM 1401', NULL, NULL, NULL, NULL, 138, 49, 1, 1, 1, 1, 1, 1, 1, 1),
(29, 'BEOCOM 4', NULL, NULL, NULL, NULL, 138, 49, 1, 1, 1, 1, 1, 1, 1, 1),
(30, 'BEOCOM 6000', NULL, NULL, NULL, NULL, 138, 49, 1, 1, 1, 1, 1, 1, 1, 1),
(31, 'BILOBA A50', 'BILOBA A50', NULL, NULL, NULL, 138, 15, 1, 1, 1, 1, 1, 1, 1, 1),
(32, 'C385', NULL, NULL, NULL, NULL, 138, 153, 1, 1, 1, 1, 1, 1, 1, 1),
(33, 'CAPTA FLEX', 'CAPTA FLEX', NULL, NULL, NULL, 138, 186, 1, 1, 1, 1, 1, 1, 1, 1),
(34, 'CD-1401B/78', 'CD1401B/78', NULL, NULL, NULL, 138, 312, 1, 1, 1, 1, 1, 1, 1, 1),
(35, 'CD-1402B/78', 'CD1402B/78', NULL, NULL, NULL, 138, 312, 1, 1, 1, 1, 1, 1, 1, 1),
(36, 'CD-1403B/78', 'CD1403B/78', NULL, NULL, NULL, 138, 312, 1, 1, 1, 1, 1, 1, 1, 1),
(37, 'CD-1501B/55', 'CD1501B/55', NULL, NULL, NULL, 138, 312, 1, 1, 1, 1, 1, 1, 1, 1),
(38, 'CD-1502B/55', 'CD1502B/55', NULL, NULL, NULL, 138, 312, 1, 1, 1, 1, 1, 1, 1, 1),
(39, 'CD-1551B/55', 'CD1551B/55', NULL, NULL, NULL, 138, 312, 1, 1, 1, 1, 1, 1, 1, 1),
(40, 'CD-1551B/78', 'CD1551B/78', NULL, NULL, NULL, 138, 312, 1, 1, 1, 1, 1, 1, 1, 1),
(41, 'CD-1552B/55', 'CD1552B/55', NULL, NULL, NULL, 138, 312, 1, 1, 1, 1, 1, 1, 1, 1),
(42, 'CD-1552N/55', 'CD1552N/55', NULL, NULL, NULL, 138, 312, 1, 1, 1, 1, 1, 1, 1, 1),
(43, 'CD-1701B/78', 'CD1701B/78', NULL, NULL, NULL, 138, 312, 1, 1, 1, 1, 1, 1, 1, 1),
(44, 'CD-1702B/78', 'CD1702B/78', NULL, NULL, NULL, 138, 312, 1, 1, 1, 1, 1, 1, 1, 1),
(45, 'CD-1703B/78', 'CD1703B/78', NULL, NULL, NULL, 138, 312, 1, 1, 1, 1, 1, 1, 1, 1),
(46, 'CD-1751B/78', 'CD1751B/78', NULL, NULL, NULL, 138, 312, 1, 1, 1, 1, 1, 1, 1, 1),
(47, 'CD-4801', 'CD4801', NULL, NULL, NULL, 138, 312, 1, 1, 1, 1, 1, 1, 1, 1),
(48, 'CD-4802', 'CD4802', NULL, NULL, NULL, 138, 312, 1, 1, 1, 1, 1, 1, 1, 1),
(49, 'CD-4851', 'CD4851', NULL, NULL, NULL, 138, 312, 1, 1, 1, 1, 1, 1, 1, 1),
(50, 'CL-3375', 'CL3375', NULL, NULL, NULL, 138, 125, 1, 1, 1, 1, 1, 1, 1, 1),
(51, 'CL-3602G', 'CL3602G', NULL, NULL, NULL, 138, 125, 1, 1, 1, 1, 1, 1, 1, 1),
(52, 'CL-3622', 'CL3622', NULL, NULL, NULL, 138, 125, 1, 1, 1, 1, 1, 1, 1, 1),
(53, 'HOME SE', 'HOME SE', NULL, NULL, NULL, 138, 125, 1, 1, 1, 1, 1, 1, 1, 1),
(54, 'D16602', NULL, NULL, NULL, NULL, 138, 421, 1, 1, 1, 1, 1, 1, 1, 1),
(55, 'D16T', NULL, NULL, NULL, NULL, 138, 337, 1, 1, 1, 1, 1, 1, 1, 1),
(56, 'D21T', NULL, NULL, NULL, NULL, 138, 337, 1, 1, 1, 1, 1, 1, 1, 1),
(57, 'D5765', 'D5765', NULL, NULL, NULL, 138, 35, 1, 1, 1, 1, 1, 1, 1, 1),
(58, 'DB 6060', 'DB6060', NULL, NULL, NULL, 138, 104, 1, 1, 1, 1, 1, 1, 1, 1),
(59, 'DDB HOME R', 'DDB HOME R', NULL, NULL, NULL, 138, 125, 1, 1, 1, 1, 1, 1, 1, 1),
(60, 'DECT1480-3', 'DECT 1480-3', NULL, NULL, NULL, 138, 421, 1, 1, 1, 1, 1, 1, 1, 1),
(61, 'DT397', NULL, NULL, NULL, NULL, 138, 40, 1, 1, 1, 1, 1, 1, 1, 1),
(62, 'E2115', 'E2115', NULL, NULL, NULL, 138, 34, 1, 1, 1, 1, 1, 1, 1, 1),
(63, 'E2125', 'E2125', NULL, NULL, NULL, 138, 34, 1, 1, 1, 1, 1, 1, 1, 1),
(64, 'E2715', 'E2715', NULL, NULL, NULL, 138, 34, 1, 1, 1, 1, 1, 1, 1, 1),
(65, 'E2725B', 'E2725B', NULL, NULL, NULL, 138, 34, 1, 1, 1, 1, 1, 1, 1, 1),
(66, 'FT1920EX', 'FT 1920EX', NULL, NULL, NULL, 138, 352, 1, 1, 1, 1, 1, 1, 1, 1),
(67, 'FT19231D', 'FT 19231D', NULL, NULL, NULL, 138, 352, 1, 1, 1, 1, 1, 1, 1, 1),
(68, 'FT1923 ID', 'FT 1923ID', NULL, NULL, NULL, 138, 352, 1, 1, 1, 1, 1, 1, 1, 1),
(69, 'FT1925SE', 'FT 1925SE', NULL, NULL, NULL, 138, 352, 1, 1, 1, 1, 1, 1, 1, 1),
(70, 'GL-113', NULL, NULL, NULL, NULL, 138, 158, 1, 1, 1, 1, 1, 1, 1, 1),
(71, 'GL-163', NULL, NULL, NULL, NULL, 138, 158, 1, 1, 1, 1, 1, 1, 1, 1),
(72, 'GL-183', NULL, NULL, NULL, NULL, 138, 158, 1, 1, 1, 1, 1, 1, 1, 1),
(73, 'GL-3014', NULL, NULL, NULL, NULL, 138, 158, 1, 1, 1, 1, 1, 1, 1, 1),
(74, 'GL-580', NULL, NULL, NULL, NULL, 138, 158, 1, 1, 1, 1, 1, 1, 1, 1),
(75, 'GL-5911CID', NULL, NULL, NULL, NULL, 138, 158, 1, 1, 1, 1, 1, 1, 1, 1),
(76, 'GL-5912CID', NULL, NULL, NULL, NULL, 138, 158, 1, 1, 1, 1, 1, 1, 1, 1),
(77, 'GL-5913CID', NULL, NULL, NULL, NULL, 138, 158, 1, 1, 1, 1, 1, 1, 1, 1),
(78, 'GL-5914CID', NULL, NULL, NULL, NULL, 138, 158, 1, 1, 1, 1, 1, 1, 1, 1),
(79, 'GL-5916CID', NULL, NULL, NULL, NULL, 138, 158, 1, 1, 1, 1, 1, 1, 1, 1),
(80, 'GL-6001CID', NULL, NULL, NULL, NULL, 138, 158, 1, 1, 1, 1, 1, 1, 1, 1),
(81, 'GL-6006CID', NULL, NULL, NULL, NULL, 138, 158, 1, 1, 1, 1, 1, 1, 1, 1),
(82, 'KX-TG3610', 'KXTG-3610', NULL, NULL, NULL, 138, 308, 1, 1, 1, 1, 1, 1, 1, 1),
(83, 'KX-TG3611', 'KXTG-3611', NULL, NULL, NULL, 138, 308, 1, 1, 1, 1, 1, 1, 1, 1),
(84, 'KX-TG3612', 'KXTG-3612', NULL, NULL, NULL, 138, 308, 1, 1, 1, 1, 1, 1, 1, 1),
(85, 'KX-TG4011', 'KXTG-4011', NULL, NULL, NULL, 138, 308, 1, 1, 1, 1, 1, 1, 1, 1),
(86, 'GL-604', NULL, NULL, NULL, NULL, 138, 158, 1, 1, 1, 1, 1, 1, 1, 1),
(87, 'GL-686', NULL, NULL, NULL, NULL, 138, 158, 1, 1, 1, 1, 1, 1, 1, 1),
(88, 'GL-883', NULL, NULL, NULL, NULL, 138, 158, 1, 1, 1, 1, 1, 1, 1, 1),
(89, 'HA6538-T02', 'HA6538T02', NULL, NULL, NULL, 138, 459, 1, 1, 1, 1, 1, 1, 1, 1),
(90, 'K 402', 'K402', NULL, NULL, NULL, 138, 217, 1, 1, 1, 1, 1, 1, 1, 1),
(91, 'K 601', 'K601', NULL, NULL, NULL, 138, 217, 1, 1, 1, 1, 1, 1, 1, 1),
(92, 'K 602 DUO', 'K602 DUO', NULL, NULL, NULL, 138, 217, 1, 1, 1, 1, 1, 1, 1, 1),
(93, 'K 602', 'K602', NULL, NULL, NULL, 138, 217, 1, 1, 1, 1, 1, 1, 1, 1),
(94, 'KX-T030/KX-T97', 'KXT030/KXT97', NULL, NULL, NULL, 138, 320, 1, 1, 1, 1, 1, 1, 1, 1),
(95, 'KX-DT321', 'KXDT-321', NULL, NULL, NULL, 138, 308, 1, 1, 1, 1, 1, 1, 1, 1),
(96, 'KX-DT333', 'KXDT-333', NULL, NULL, NULL, 138, 308, 1, 1, 1, 1, 1, 1, 1, 1),
(97, 'KX-FG1031', 'KXFG-1031', NULL, NULL, NULL, 138, 308, 1, 1, 1, 1, 1, 1, 1, 1),
(98, 'KXT-10000', 'KXT10000', NULL, NULL, NULL, 138, 309, 1, 1, 1, 1, 1, 1, 1, 1),
(99, 'KXT-108', NULL, NULL, NULL, NULL, 138, 74, 1, 1, 1, 1, 1, 1, 1, 1),
(101, 'KXT-108/KXT-108', 'KXT108/KXT108', NULL, NULL, NULL, 138, 320, 1, 1, 1, 1, 1, 1, 1, 1),
(102, 'KXT-1113', 'KXT1113', NULL, NULL, NULL, 138, 50, 1, 1, 1, 1, 1, 1, 1, 1),
(103, 'KXT-1300ID', 'KXT1300ID', NULL, NULL, NULL, 138, 309, 1, 1, 1, 1, 1, 1, 1, 1),
(104, 'KXT-2009', 'KXT2009', NULL, NULL, NULL, 138, 307, 1, 1, 1, 1, 1, 1, 1, 1),
(105, 'KXT-2100ID', 'KXT2100ID', NULL, NULL, NULL, 138, 309, 1, 1, 1, 1, 1, 1, 1, 1),
(106, 'KXT-2200ID', 'KXT2200ID', NULL, NULL, NULL, 138, 309, 1, 1, 1, 1, 1, 1, 1, 1),
(107, 'KXT-2300ID', 'KXT2300ID', NULL, NULL, NULL, 138, 309, 1, 1, 1, 1, 1, 1, 1, 1),
(108, 'KXT-285', 'KXT285', NULL, NULL, NULL, 138, 147, 1, 1, 1, 1, 1, 1, 1, 1),
(109, 'KXT-3009', 'KXT3009', NULL, NULL, NULL, 138, 307, 1, 1, 1, 1, 1, 1, 1, 1),
(110, 'KXT-3014', 'KXT3014', NULL, NULL, NULL, 138, 309, 1, 1, 1, 1, 1, 1, 1, 1),
(111, 'KXT-3026', 'KXT3026', NULL, NULL, NULL, 138, 309, 1, 1, 1, 1, 1, 1, 1, 1),
(112, 'KXT-338', 'KXT--338', NULL, NULL, NULL, 138, 48, 1, 1, 1, 1, 1, 1, 1, 1),
(113, 'KXT-3600ID', 'KXT3600ID', NULL, NULL, NULL, 138, 309, 1, 1, 1, 1, 1, 1, 1, 1),
(114, 'KXT-3700ID', 'KXT3700ID', NULL, NULL, NULL, 138, 309, 1, 1, 1, 1, 1, 1, 1, 1),
(115, 'KXT-4200ID', 'KXT4200ID', NULL, NULL, NULL, 138, 309, 1, 1, 1, 1, 1, 1, 1, 1),
(116, 'KXT-56', 'KXT56', NULL, NULL, NULL, 138, 262, 1, 1, 1, 1, 1, 1, 1, 1),
(117, 'KXT-580', 'KXT580', NULL, NULL, NULL, 138, 400, 1, 1, 1, 1, 1, 1, 1, 1),
(118, 'KXT-6019', 'KXT6019', NULL, NULL, NULL, 138, 309, 1, 1, 1, 1, 1, 1, 1, 1),
(119, 'KXT-6022', 'KXT6022', NULL, NULL, NULL, 138, 309, 1, 1, 1, 1, 1, 1, 1, 1),
(120, 'KXT672', 'KXT672', NULL, NULL, NULL, 138, 262, 1, 1, 1, 1, 1, 1, 1, 1),
(121, 'KXT-672', 'KXT672', NULL, NULL, NULL, 138, 48, 1, 1, 1, 1, 1, 1, 1, 1),
(122, 'KXT-777', 'KXT777', NULL, NULL, NULL, 138, 50, 1, 1, 1, 1, 1, 1, 1, 1),
(123, 'KXT-970', 'KXT970', NULL, NULL, NULL, 138, 309, 1, 1, 1, 1, 1, 1, 1, 1),
(124, 'KXT-999', 'KXT999', NULL, NULL, NULL, 138, 307, 1, 1, 1, 1, 1, 1, 1, 1),
(125, 'KX-TD7685', 'KXTD-7685', NULL, NULL, NULL, 138, 308, 1, 1, 1, 1, 1, 1, 1, 1),
(126, 'KX-TG1032', 'KXTG-1032', NULL, NULL, NULL, 138, 308, 1, 1, 1, 1, 1, 1, 1, 1),
(127, 'KX-TG13111', 'KXTG-13111', NULL, NULL, NULL, 138, 308, 1, 1, 1, 1, 1, 1, 1, 1),
(128, 'KX-TG1371', 'KXTG-1371', NULL, NULL, NULL, 138, 308, 1, 1, 1, 1, 1, 1, 1, 1),
(129, 'KX-TG1381', 'KXTG-1381', NULL, NULL, NULL, 138, 308, 1, 1, 1, 1, 1, 1, 1, 1),
(130, 'KX-TG1711', 'KXTG-1711', NULL, NULL, NULL, 138, 308, 1, 1, 1, 1, 1, 1, 1, 1),
(131, 'KX-TG1712', 'KXTG-1712', NULL, NULL, NULL, 138, 308, 1, 1, 1, 1, 1, 1, 1, 1),
(132, 'KX-TG2511', 'KXTG-2511', NULL, NULL, NULL, 138, 308, 1, 1, 1, 1, 1, 1, 1, 1),
(133, 'KX-TG3533', 'KXTG-3533', NULL, NULL, NULL, 138, 308, 1, 1, 1, 1, 1, 1, 1, 1),
(134, 'KX-TG4612', 'KXTG-4612', NULL, NULL, NULL, 138, 308, 1, 1, 1, 1, 1, 1, 1, 1),
(135, 'KX-TSC60', 'KXTSC60', NULL, NULL, NULL, 138, 307, 1, 1, 1, 1, 1, 1, 1, 1),
(136, 'LA28511FE1', 'LA28511FE1', NULL, NULL, NULL, 138, 2, 1, 1, 1, 1, 1, 1, 1, 1),
(137, 'LA28511FE2', 'LA28511FE2', NULL, NULL, NULL, 138, 2, 1, 1, 1, 1, 1, 1, 1, 1),
(138, 'LA28521FE1', 'LA28521FE1', NULL, NULL, NULL, 138, 2, 1, 1, 1, 1, 1, 1, 1, 1),
(139, 'KX-TG4021', 'KXTG-4021', NULL, NULL, NULL, 138, 308, 1, 1, 1, 1, 1, 1, 1, 1),
(140, 'KX-TG4022', 'KXTG-4022', NULL, NULL, NULL, 138, 308, 1, 1, 1, 1, 1, 1, 1, 1),
(141, 'KX-TG4024', 'KXTG-4024', NULL, NULL, NULL, 138, 308, 1, 1, 1, 1, 1, 1, 1, 1),
(142, 'KX-TG4053', 'KXTG-4053', NULL, NULL, NULL, 138, 308, 1, 1, 1, 1, 1, 1, 1, 1),
(143, 'KX-TG4611', 'KXTG-4611', NULL, NULL, NULL, 138, 308, 1, 1, 1, 1, 1, 1, 1, 1),
(144, 'KX-TG4621', 'KXTG-4621', NULL, NULL, NULL, 138, 308, 1, 1, 1, 1, 1, 1, 1, 1),
(145, 'KX-TG4622', 'KXTG-4622', NULL, NULL, NULL, 138, 308, 1, 1, 1, 1, 1, 1, 1, 1),
(146, 'KX-TG4623', 'KXTG-4623', NULL, NULL, NULL, 138, 308, 1, 1, 1, 1, 1, 1, 1, 1),
(147, 'KX-TG6026', 'KXTG-6026', NULL, NULL, NULL, 138, 308, 1, 1, 1, 1, 1, 1, 1, 1),
(148, 'KX-TG6075', 'KXTG-6075', NULL, NULL, NULL, 138, 308, 1, 1, 1, 1, 1, 1, 1, 1),
(149, 'KX-TG6410', 'KXTG-6410', NULL, NULL, NULL, 138, 308, 1, 1, 1, 1, 1, 1, 1, 1),
(150, 'KX-TG6411', 'KXTG-6411', NULL, NULL, NULL, 138, 308, 1, 1, 1, 1, 1, 1, 1, 1),
(151, 'KX-TG6412', 'KXTG-6412', NULL, NULL, NULL, 138, 308, 1, 1, 1, 1, 1, 1, 1, 1),
(152, 'KX-TG6413', 'KXTG-6413', NULL, NULL, NULL, 138, 308, 1, 1, 1, 1, 1, 1, 1, 1),
(153, 'KX-TG6421', 'KXTG-6421', NULL, NULL, NULL, 138, 308, 1, 1, 1, 1, 1, 1, 1, 1),
(154, 'KX-TG6422', 'KXTG-6422', NULL, NULL, NULL, 138, 308, 1, 1, 1, 1, 1, 1, 1, 1),
(155, 'KX-TG6432', 'KXTG-6432', NULL, NULL, NULL, 138, 308, 1, 1, 1, 1, 1, 1, 1, 1),
(156, 'KX-TG6512', 'KXTG-6512', 'KXTG6512', NULL, NULL, 138, 308, 1, 1, 1, 1, 1, 1, 1, 1),
(157, 'KX-TG6513', 'KXTG-6513', NULL, NULL, NULL, 138, 308, 1, 1, 1, 1, 1, 1, 1, 1),
(158, 'KX-TG6522', 'KXTG-6522', NULL, NULL, NULL, 138, 308, 1, 1, 1, 1, 1, 1, 1, 1),
(159, 'KX-TG74011', 'KXTG-74011', NULL, NULL, NULL, 138, 308, 1, 1, 1, 1, 1, 1, 1, 1),
(160, 'KX-TG7411', 'KXTG-7411', NULL, NULL, NULL, 138, 308, 1, 1, 1, 1, 1, 1, 1, 1),
(161, 'KX-TG7421', 'KXTG-7421', NULL, NULL, NULL, 138, 308, 1, 1, 1, 1, 1, 1, 1, 1),
(162, 'KX-TG7511', 'KXTG-7511', NULL, NULL, NULL, 138, 308, 1, 1, 1, 1, 1, 1, 1, 1),
(163, 'KX-TG7512', 'KXTG-7512', NULL, NULL, NULL, 138, 308, 1, 1, 1, 1, 1, 1, 1, 1),
(164, 'KX-TG7521', 'KXTG-7521', NULL, NULL, NULL, 138, 308, 1, 1, 1, 1, 1, 1, 1, 1),
(165, 'KX-TG9344', 'KXTG-9344', NULL, NULL, NULL, 138, 308, 1, 1, 1, 1, 1, 1, 1, 1),
(166, 'KX-TG9381', 'KXTG-9381', NULL, NULL, NULL, 138, 308, 1, 1, 1, 1, 1, 1, 1, 1),
(167, 'KX-TG9441', 'KXTG-9441', NULL, NULL, NULL, 138, 308, 1, 1, 1, 1, 1, 1, 1, 1),
(168, 'KX-TGA130', 'KXTGA130', NULL, NULL, NULL, 138, 308, 1, 1, 1, 1, 1, 1, 1, 1),
(169, 'KX-TGA131', 'KXTGA131', NULL, NULL, NULL, 138, 308, 1, 1, 1, 1, 1, 1, 1, 1),
(170, 'KX-TGA600', 'KXTGA600', NULL, NULL, NULL, 138, 308, 1, 1, 1, 1, 1, 1, 1, 1),
(171, 'KX-TGA644', 'KXTGA644', NULL, NULL, NULL, 138, 308, 1, 1, 1, 1, 1, 1, 1, 1),
(172, 'KX-TGA655', 'KXTGA655', NULL, NULL, NULL, 138, 308, 1, 1, 1, 1, 1, 1, 1, 1),
(173, 'KX-TGA740', 'KXTGA740', NULL, NULL, NULL, 138, 308, 1, 1, 1, 1, 1, 1, 1, 1),
(174, 'KX-TGA750', 'KXTGA750', NULL, NULL, NULL, 138, 308, 1, 1, 1, 1, 1, 1, 1, 1),
(175, 'KX-TGA941', 'KXTGA941', NULL, NULL, NULL, 138, 308, 1, 1, 1, 1, 1, 1, 1, 1),
(176, 'KXT-SC6036ID', 'KXTSC6036ID', NULL, NULL, NULL, 138, 309, 1, 1, 1, 1, 1, 1, 1, 1),
(177, 'KXT-SC6038ID', 'KXTSC6038ID', NULL, NULL, NULL, 138, 309, 1, 1, 1, 1, 1, 1, 1, 1),
(178, 'L-09', NULL, NULL, NULL, NULL, 138, 235, 1, 1, 1, 1, 1, 1, 1, 1),
(180, 'PRIME 8001', 'GCE8001', 'GCE 8001', NULL, NULL, 138, 186, 1, 1, 1, 1, 1, 1, 1, 1),
(181, 'PRIME 8101', NULL, NULL, NULL, NULL, 138, 186, 1, 1, 1, 1, 1, 1, 1, 1),
(182, 'PRIME COMBO', 'GCE8101A', NULL, NULL, NULL, 138, 186, 1, 1, 1, 1, 1, 1, 1, 1),
(183, 'SE-1701B/78', 'SE1701B/78', NULL, NULL, NULL, 138, 312, 1, 1, 1, 1, 1, 1, 1, 1),
(184, 'SE-3652B/78', 'SE3652B/78', NULL, NULL, NULL, 138, 312, 1, 1, 1, 1, 1, 1, 1, 1),
(185, 'MU210A', NULL, NULL, NULL, NULL, 138, 277, 1, 1, 1, 1, 1, 1, 1, 1),
(186, 'MU210C', NULL, NULL, NULL, NULL, 138, 277, 1, 1, 1, 1, 1, 1, 1, 1),
(187, 'OMEGA 1900', 'OMEGA 1900', NULL, NULL, NULL, 138, 2, 1, 1, 1, 1, 1, 1, 1, 1),
(188, 'Optipoint 500', NULL, NULL, NULL, NULL, 138, 153, 1, 1, 1, 1, 1, 1, 1, 1),
(189, 'OS6014', 'OS-6014', NULL, NULL, NULL, 138, 301, 1, 1, 1, 1, 1, 1, 1, 1),
(190, 'OS6020', 'OS-6020', NULL, NULL, NULL, 138, 301, 1, 1, 1, 1, 1, 1, 1, 1),
(191, 'SIXTY BLACK', NULL, NULL, NULL, NULL, 138, 337, 1, 1, 1, 1, 1, 1, 1, 1),
(192, 'SIXTY ORANGE', NULL, NULL, NULL, NULL, 138, 337, 1, 1, 1, 1, 1, 1, 1, 1),
(193, 'SL400A', NULL, NULL, NULL, NULL, 138, 153, 1, 1, 1, 1, 1, 1, 1, 1),
(194, 'SL400H', NULL, NULL, NULL, NULL, 138, 153, 1, 1, 1, 1, 1, 1, 1, 1),
(195, 'SL785', NULL, NULL, NULL, NULL, 138, 153, 1, 1, 1, 1, 1, 1, 1, 1),
(196, 'SL78H', NULL, NULL, NULL, NULL, 138, 153, 1, 1, 1, 1, 1, 1, 1, 1),
(197, 'SN-356 V3', NULL, NULL, NULL, NULL, 138, 353, 1, 1, 1, 1, 1, 1, 1, 1),
(198, 'SN-358 PLUS', NULL, NULL, NULL, NULL, 138, 353, 1, 1, 1, 1, 1, 1, 1, 1),
(199, 'T7406E', NULL, NULL, NULL, NULL, 138, 293, 1, 1, 1, 1, 1, 1, 1, 1),
(200, 'T-788CID', 'T788CID', NULL, NULL, NULL, 138, 172, 1, 1, 1, 1, 1, 1, 1, 1),
(201, 'TC4020', 'TC 4020', NULL, NULL, NULL, 138, 352, 1, 1, 1, 1, 1, 1, 1, 1),
(202, 'TC4040ID', 'TC 4040ID', NULL, NULL, NULL, 138, 352, 1, 1, 1, 1, 1, 1, 1, 1),
(203, 'TEL-2951', 'TEL2951', NULL, NULL, NULL, 138, 321, 1, 1, 1, 1, 1, 1, 1, 1),
(204, 'TEL-2953', 'TEL2953', NULL, NULL, NULL, 138, 321, 1, 1, 1, 1, 1, 1, 1, 1),
(205, 'TL-2056', 'TL2056', NULL, NULL, NULL, 138, 292, 1, 1, 1, 1, 1, 1, 1, 1),
(206, 'TR1909B', 'TR1909B', NULL, NULL, NULL, 138, 34, 1, 1, 1, 1, 1, 1, 1, 1),
(207, 'TRIMLINE II', 'TRIMLINE II', NULL, NULL, NULL, 138, 34, 1, 1, 1, 1, 1, 1, 1, 1),
(208, 'TS 50 SE', 'TS50SE', NULL, NULL, NULL, 138, 196, 1, 1, 1, 1, 1, 1, 1, 1),
(209, 'TS 62 C', 'TS62C', NULL, NULL, NULL, 138, 196, 1, 1, 1, 1, 1, 1, 1, 1),
(210, 'TS 62 DT', 'TS62DT', 'TS6DT', NULL, NULL, 138, 196, 1, 1, 1, 1, 1, 1, 1, 1),
(211, 'TS 62 R', 'TS62R', NULL, NULL, NULL, 138, 196, 1, 1, 1, 1, 1, 1, 1, 1),
(212, 'TS 62 V', 'TS62V', NULL, NULL, NULL, 138, 196, 1, 1, 1, 1, 1, 1, 1, 1),
(213, 'TS 63 V', 'TS63V', NULL, NULL, NULL, 138, 196, 1, 1, 1, 1, 1, 1, 1, 1),
(214, 'TS 66 V', 'TS66V', NULL, NULL, NULL, 138, 196, 1, 1, 1, 1, 1, 1, 1, 1),
(215, 'TS 80 V', 'TS80V', NULL, NULL, NULL, 138, 196, 1, 1, 1, 1, 1, 1, 1, 1),
(216, 'TS 8120', 'TS8120', NULL, NULL, NULL, 138, 196, 1, 1, 1, 1, 1, 1, 1, 1),
(217, 'TSF-5000R', 'TSF 5000R', NULL, NULL, NULL, 138, 125, 1, 1, 1, 1, 1, 1, 1, 1),
(218, 'TSF-5001', 'TSF 5001', NULL, NULL, NULL, 138, 125, 1, 1, 1, 1, 1, 1, 1, 1),
(219, 'TSF-5002', 'TSF 5002', NULL, NULL, NULL, 138, 125, 1, 1, 1, 1, 1, 1, 1, 1),
(220, 'TSF-3500', 'TSF 3500', NULL, NULL, NULL, 138, 125, 1, 1, 1, 1, 1, 1, 1, 1),
(221, 'TSF-4000R', 'TSF 4000R', NULL, NULL, NULL, 138, 125, 1, 1, 1, 1, 1, 1, 1, 1),
(222, 'TSF-4001', 'TSF 4001', NULL, NULL, NULL, 138, 125, 1, 1, 1, 1, 1, 1, 1, 1),
(223, 'TSF-4002', 'TSF 4002', NULL, NULL, NULL, 138, 125, 1, 1, 1, 1, 1, 1, 1, 1),
(224, 'VM250LABLACK', 'VM250LABLACK', NULL, NULL, NULL, 138, 15, 1, 1, 1, 1, 1, 1, 1, 1),
(225, 'VP110LABLK', 'VP110LABLK', NULL, NULL, NULL, 138, 15, 1, 1, 1, 1, 1, 1, 1, 1),
(226, 'WX3012', 'WX 3012', NULL, NULL, NULL, 138, 229, 1, 1, 1, 1, 1, 1, 1, 1),
(227, 'WX3016', 'WX 3016', NULL, NULL, NULL, 138, 229, 1, 1, 1, 1, 1, 1, 1, 1),
(228, 'TSF-4003', 'TSF 4003', NULL, NULL, NULL, 138, 125, 1, 1, 1, 1, 1, 1, 1, 1),
(229, 'UNIDEN 1260BK', 'UNIDEN 1260BK', NULL, NULL, NULL, 138, 421, 1, 1, 1, 1, 1, 1, 1, 1),
(230, 'SN-356', NULL, NULL, NULL, NULL, 138, 353, 1, 1, 1, 1, 1, 1, 1, 1),
(231, 'TS 40 SE', 'TS 40SE', 'TS40SE', NULL, NULL, 138, 196, 1, 1, 1, 1, 1, 1, 1, 1),
(232, 'A220A', NULL, NULL, NULL, NULL, 138, 153, 1, 1, 1, 1, 1, 1, 1, 1),
(233, 'AC620', 'AC 620', NULL, NULL, NULL, 138, 153, 1, 1, 1, 1, 1, 1, 1, 1),
(234, 'A 510 IP', 'A510IP', 'A510 IP', NULL, NULL, 138, 153, 1, 1, 1, 1, 1, 1, 1, 1),
(235, 'A 510 H', 'A510H', 'A510 H', NULL, NULL, 138, 153, 1, 1, 1, 1, 1, 1, 1, 1),
(236, 'A 120', 'A120', NULL, NULL, NULL, 138, 153, 1, 1, 1, 1, 1, 1, 1, 1),
(237, 'A 220A', 'A220A', NULL, NULL, NULL, 138, 153, 1, 1, 1, 1, 1, 1, 1, 1),
(238, 'TS 6120', 'TS6120', NULL, NULL, NULL, 138, 196, 1, 1, 1, 1, 1, 1, 1, 1),
(239, 'TS 6130', 'TS6130', NULL, NULL, NULL, 138, 196, 1, 1, 1, 1, 1, 1, 1, 1),
(240, 'TS 4110', 'TS4110', NULL, NULL, NULL, 138, 196, 1, 1, 1, 1, 1, 1, 1, 1),
(241, 'SIXTY', 'Sixty', NULL, NULL, NULL, 138, 337, 1, 1, 1, 1, 1, 1, 1, 1),
(242, 'CDP 105 D', 'CDP105D', NULL, NULL, NULL, 138, 69, 1, 1, 1, 1, 1, 1, 1, 1),
(243, 'CDP 205 D', 'CDP205D', NULL, NULL, NULL, 138, 69, 1, 1, 1, 1, 1, 1, 1, 1),
(244, 'CDP 105 S', 'CDP105S', NULL, NULL, NULL, 138, 69, 1, 1, 1, 1, 1, 1, 1, 1),
(245, 'CD-1911', 'CD1911', 'CD 1911', NULL, NULL, 138, 312, 1, 1, 1, 1, 1, 1, 1, 1),
(246, 'CD-1912', 'CD1912', 'CD 1912', NULL, NULL, 138, 312, 1, 1, 1, 1, 1, 1, 1, 1),
(247, 'CD-1961', 'CD1961', 'CD 1961', NULL, NULL, 138, 312, 1, 1, 1, 1, 1, 1, 1, 1),
(248, 'CD-1962', 'CD1962', 'CD 1962', NULL, NULL, 138, 312, 1, 1, 1, 1, 1, 1, 1, 1),
(249, 'Centrixfone', 'GCE8003', NULL, NULL, NULL, 138, 171, 1, 1, 1, 1, 1, 1, 1, 1),
(250, 'CD-2901', 'CD2901', 'CD 2901', NULL, NULL, 138, 312, 1, 1, 1, 1, 1, 1, 1, 1),
(251, 'CD-2902', 'CD2902', 'CD 2902', NULL, NULL, 138, 312, 1, 1, 1, 1, 1, 1, 1, 1),
(252, 'CD-2951', 'CD2951', 'CD 2951', NULL, NULL, 138, 312, 1, 1, 1, 1, 1, 1, 1, 1),
(253, 'G 355', 'G355', NULL, NULL, NULL, 138, 4, 1, 1, 1, 1, 1, 1, 1, 1),
(254, 'G 955', 'G955', NULL, NULL, NULL, 138, 4, 1, 1, 1, 1, 1, 1, 1, 1),
(255, 'D81 Messenger', 'D81 Messenger', 'D81 MESSENGER', NULL, NULL, 138, 32, 1, 1, 1, 1, 1, 1, 1, 1),
(256, 'D81 Messenger EX', 'D81 Messenger EX', 'D81 MESSENGER EX', NULL, NULL, 138, 32, 1, 1, 1, 1, 1, 1, 1, 1),
(257, 'D81 Protector', 'D81 Protector', 'D81 PROTECTOR', NULL, NULL, 138, 32, 1, 1, 1, 1, 1, 1, 1, 1),
(258, 'D81 Protector EX', 'D81 Protector EX', 'D81 PROTECTOR EX', NULL, NULL, 138, 32, 1, 1, 1, 1, 1, 1, 1, 1),
(259, 'CD-4901', 'CD4901', 'CD 4901', NULL, NULL, 138, 312, 1, 1, 1, 1, 1, 1, 1, 1),
(260, 'CD-4952', 'CD4952', 'CD 4952', NULL, NULL, 138, 312, 1, 1, 1, 1, 1, 1, 1, 1),
(261, 'KX-TG6711', 'KXTG6711', NULL, NULL, NULL, 138, 308, 1, 1, 1, 1, 1, 1, 1, 1),
(262, 'KX-TG6712', 'KXTG6712', NULL, NULL, NULL, 138, 308, 1, 1, 1, 1, 1, 1, 1, 1),
(263, 'CD-6951', 'CD6951', 'CD 6951', NULL, NULL, 138, 312, 1, 1, 1, 1, 1, 1, 1, 1),
(264, 'TSF-7001', 'TSF 7001', NULL, NULL, NULL, 138, 125, 1, 1, 1, 1, 1, 1, 1, 1),
(265, 'TSF-7002', 'TSF 7002', NULL, NULL, NULL, 138, 125, 1, 1, 1, 1, 1, 1, 1, 1),
(266, 'TSF-7003', 'TSF 7003', NULL, NULL, NULL, 138, 125, 1, 1, 1, 1, 1, 1, 1, 1),
(267, 'TSF-7000R', 'TSF 7000R', NULL, NULL, NULL, 138, 125, 1, 1, 1, 1, 1, 1, 1, 1),
(268, 'KX-TG4012', 'KXTG4012', NULL, NULL, NULL, 138, 308, 1, 1, 1, 1, 1, 1, 1, 1),
(269, 'KX-TG4013', 'KXTG-4013', 'KXTG4013', NULL, NULL, 138, 308, 1, 1, 1, 1, 1, 1, 1, 1),
(270, 'KX-TG7642', 'KXTG-7642', NULL, NULL, NULL, 138, 308, 1, 1, 1, 1, 1, 1, 1, 1),
(271, 'TEL-4244', 'TEL4244', NULL, NULL, NULL, 138, 321, 1, 1, 1, 1, 1, 1, 1, 1),
(272, 'DH5CAABAA', 'DH5CAABAA', NULL, NULL, NULL, 138, 42, 1, 1, 1, 1, 1, 1, 1, 1),
(273, 'KX-TG4133', 'KXTG-4133', NULL, NULL, NULL, 138, 308, 1, 1, 1, 1, 1, 1, 1, 1),
(274, 'KX-TG6645', 'KXTG-6645', NULL, NULL, NULL, 138, 308, 1, 1, 1, 1, 1, 1, 1, 1),
(275, 'DCX150', NULL, NULL, NULL, NULL, 138, 421, 1, 1, 1, 1, 1, 1, 1, 1),
(276, '31591GE1', '31591GE1', NULL, NULL, NULL, 138, 2, 1, 1, 1, 1, 1, 1, 1, 1),
(277, 'A390 TRIO', NULL, NULL, NULL, NULL, 138, 153, 1, 1, 1, 1, 1, 1, 1, 1),
(278, 'KX-TG6713', 'KXTG-6713', NULL, NULL, NULL, 138, 308, 1, 1, 1, 1, 1, 1, 1, 1),
(279, 'KX-TG6722', 'KXTG-6722', NULL, NULL, NULL, 138, 308, 1, 1, 1, 1, 1, 1, 1, 1),
(280, 'KX-TG9333', 'KXTG-9333', NULL, NULL, NULL, 138, 308, 1, 1, 1, 1, 1, 1, 1, 1),
(281, 'KX-TG4025', 'KXTG-4025', NULL, NULL, NULL, 138, 308, 1, 1, 1, 1, 1, 1, 1, 1),
(282, 'KX-TG254', 'KXTG-254', NULL, NULL, NULL, 138, 308, 1, 1, 1, 1, 1, 1, 1, 1),
(283, 'KX-TG155', 'KXTG-155', NULL, NULL, NULL, 138, 308, 1, 1, 1, 1, 1, 1, 1, 1),
(284, 'A390', NULL, NULL, NULL, NULL, 138, 153, 1, 1, 1, 1, 1, 1, 1, 1),
(285, 'A490', NULL, NULL, NULL, NULL, 138, 153, 1, 1, 1, 1, 1, 1, 1, 1),
(286, 'A495', NULL, NULL, NULL, NULL, 138, 153, 1, 1, 1, 1, 1, 1, 1, 1),
(287, ' 1445 ', NULL, NULL, NULL, NULL, 138, 34, 1, 1, 1, 1, 1, 1, 1, 1),
(288, ' 1465 ', NULL, NULL, NULL, NULL, 138, 34, 1, 1, 1, 1, 1, 1, 1, 1),
(289, ' 1477 ', NULL, NULL, NULL, NULL, 138, 34, 1, 1, 1, 1, 1, 1, 1, 1),
(290, '  1487 ', NULL, NULL, NULL, NULL, 138, 34, 1, 1, 1, 1, 1, 1, 1, 1),
(291, ' 2256 ', NULL, NULL, NULL, NULL, 138, 34, 1, 1, 1, 1, 1, 1, 1, 1),
(292, ' 5765 ', NULL, NULL, NULL, NULL, 138, 35, 1, 1, 1, 1, 1, 1, 1, 1),
(293, ' 5859 ', NULL, NULL, NULL, NULL, 138, 445, 1, 1, 1, 1, 1, 1, 1, 1),
(294, 'A200', 'A200', NULL, NULL, NULL, 138, 15, 1, 1, 1, 1, 1, 1, 1, 1),
(295, 'A241', 'A241', NULL, NULL, NULL, 138, 35, 1, 1, 1, 1, 1, 1, 1, 1),
(296, 'A242', 'A242', NULL, NULL, NULL, 138, 35, 1, 1, 1, 1, 1, 1, 1, 1),
(297, 'A380', NULL, NULL, NULL, NULL, 138, 153, 1, 1, 1, 1, 1, 1, 1, 1),
(298, 'A390 DUO', NULL, NULL, NULL, NULL, 138, 153, 1, 1, 1, 1, 1, 1, 1, 1),
(299, 'A39H', NULL, NULL, NULL, NULL, 138, 153, 1, 1, 1, 1, 1, 1, 1, 1),
(300, 'A490 DUO', NULL, NULL, NULL, NULL, 138, 153, 1, 1, 1, 1, 1, 1, 1, 1),
(301, 'A495 DUO', NULL, NULL, NULL, NULL, 138, 153, 1, 1, 1, 1, 1, 1, 1, 1),
(302, 'A49H', NULL, NULL, NULL, NULL, 138, 153, 1, 1, 1, 1, 1, 1, 1, 1),
(303, 'AC600', NULL, NULL, NULL, NULL, 138, 153, 1, 1, 1, 1, 1, 1, 1, 1),
(304, 'AC650', NULL, NULL, NULL, NULL, 138, 153, 1, 1, 1, 1, 1, 1, 1, 1),
(305, 'AC700', NULL, NULL, NULL, NULL, 138, 153, 1, 1, 1, 1, 1, 1, 1, 1),
(306, 'AD583', 'AD583', NULL, NULL, NULL, 138, 35, 1, 1, 1, 1, 1, 1, 1, 1),
(307, 'CD-1862B', 'CD 1862B', 'CD1862B', NULL, NULL, 138, 312, 1, 1, 1, 1, 1, 1, 1, 1),
(308, 'MC850', NULL, NULL, NULL, NULL, 138, 180, 1, 1, 1, 1, 1, 1, 1, 1),
(309, 'KX-TGA671LBB', 'KXTGA671LBB', NULL, NULL, NULL, 138, 308, 1, 1, 1, 1, 1, 1, 1, 1),
(310, 'AURI 3500SE MRD2', 'AURI3500SE MRD2', 'AURI3500-SE MRD2', NULL, NULL, 138, 272, 1, 1, 1, 1, 1, 1, 1, 1),
(311, 'AURI 3500SE MRD3', 'AURI3500SE MRD3', 'AURI3500-SE MRD3', NULL, NULL, 138, 272, 1, 1, 1, 1, 1, 1, 1, 1),
(312, 'AURI 2000 MRD2', 'AURI2000-MRD2', NULL, NULL, NULL, 138, 272, 1, 1, 1, 1, 1, 1, 1, 1),
(313, 'AURI 3500 MRD3', 'AURI3500-MRD3', NULL, NULL, NULL, 138, 272, 1, 1, 1, 1, 1, 1, 1, 1),
(315, 'AURI 3500 W', 'AURI3500W', NULL, NULL, NULL, 138, 272, 1, 1, 1, 1, 1, 1, 1, 1),
(316, 'FOX 1500S MRD3', 'FOX1500S MRD3', 'FOX1500-B2', NULL, NULL, 138, 272, 1, 1, 1, 1, 1, 1, 1, 1),
(317, 'FOX 1000S MRD2', 'FOX1000S MRD2', NULL, NULL, NULL, 138, 272, 1, 1, 1, 1, 1, 1, 1, 1),
(318, 'FOX 1000S MRD3', 'FOX1000S MRD3', NULL, NULL, NULL, 138, 272, 1, 1, 1, 1, 1, 1, 1, 1),
(319, 'FOX 1000S R', 'FOX1000S R', NULL, NULL, NULL, 138, 272, 1, 1, 1, 1, 1, 1, 1, 1),
(320, 'LYRIX500 MRD2', 'LYRIX 500 MRD2', NULL, NULL, NULL, 138, 445, 1, 1, 1, 1, 1, 1, 1, 1),
(321, 'LYRIX500 MRD3', 'LYRIX 500 MRD3', NULL, NULL, NULL, 138, 445, 1, 1, 1, 1, 1, 1, 1, 1),
(322, 'LYRIX500 MRD4', 'LYRIX 500 MRD4', NULL, NULL, NULL, 138, 445, 1, 1, 1, 1, 1, 1, 1, 1),
(323, 'LYRIX550 MRD2', 'LYRIX 550 MRD2', 'LYRIX550-MRD2', NULL, NULL, 138, 445, 1, 1, 1, 1, 1, 1, 1, 1),
(324, 'LYRIX550 MRD3', 'LYRIX 550 MRD3', 'LYRIX550-MRD3', NULL, NULL, 138, 445, 1, 1, 1, 1, 1, 1, 1, 1),
(325, 'LYRIX550 MRD4', 'LYRIX 550 MRD4', NULL, NULL, NULL, 138, 445, 1, 1, 1, 1, 1, 1, 1, 1),
(326, 'GATE 4000 MRD2', 'GATE4000 MRD2', NULL, NULL, NULL, 138, 272, 1, 1, 1, 1, 1, 1, 1, 1),
(327, 'GATE 4000 MRD3', 'GATE4000 MRD3', NULL, NULL, NULL, 138, 272, 1, 1, 1, 1, 1, 1, 1, 1),
(328, 'GATE 4000 MRD4', 'GATE4000 MRD4', NULL, NULL, NULL, 138, 272, 1, 1, 1, 1, 1, 1, 1, 1),
(329, 'GATE 4500 MRD3', 'GATE4500 MRD3', NULL, NULL, NULL, 138, 272, 1, 1, 1, 1, 1, 1, 1, 1),
(330, 'GATE 4500 MRD4', 'GATE4500 MRD4', NULL, NULL, NULL, 138, 272, 1, 1, 1, 1, 1, 1, 1, 1),
(331, 'GATE 4500 MRD2', 'GATE4500 MRD2', NULL, NULL, NULL, 138, 272, 1, 1, 1, 1, 1, 1, 1, 1),
(332, 'GATE 4800BT', 'GATE4800 BT', NULL, NULL, NULL, 138, 272, 1, 1, 1, 1, 1, 1, 1, 1),
(333, 'A120 DUO', 'A120 Duo', NULL, NULL, NULL, 138, 153, 1, 1, 1, 1, 1, 1, 1, 1),
(334, 'D16T Duo', NULL, NULL, NULL, NULL, 138, 337, 1, 1, 1, 1, 1, 1, 1, 1),
(335, 'D21T Duo', NULL, NULL, NULL, NULL, 138, 337, 1, 1, 1, 1, 1, 1, 1, 1),
(336, 'A60', 'A60', NULL, NULL, NULL, 138, 15, 1, 1, 1, 1, 1, 1, 1, 1),
(337, 'F200', 'F200', NULL, NULL, NULL, 138, 15, 1, 1, 1, 1, 1, 1, 1, 1),
(338, 'TS 6122', 'TS6122', NULL, NULL, NULL, 138, 196, 1, 1, 1, 1, 1, 1, 1, 1),
(339, 'AURI 2000 MRD3', 'AURI2000 MRD3', 'AURI2000-MRD3', NULL, NULL, 138, 272, 1, 1, 1, 1, 1, 1, 1, 1),
(340, 'AURI 3000 MRD2', 'AURI3000 MRD2', 'AURI3000-MRD2', NULL, NULL, 138, 272, 1, 1, 1, 1, 1, 1, 1, 1),
(341, 'AURI 3000 MRD3', 'AURI3000 MRD3', NULL, NULL, NULL, 138, 272, 1, 1, 1, 1, 1, 1, 1, 1),
(342, 'AURI 3000 R', 'AURI3000 R', NULL, NULL, NULL, 138, 272, 1, 1, 1, 1, 1, 1, 1, 1),
(343, 'AURI 3500 R', 'AURI3500 R', NULL, NULL, NULL, 138, 272, 1, 1, 1, 1, 1, 1, 1, 1),
(344, 'AURI 3500SE', 'AURI3500SE', NULL, NULL, NULL, 138, 272, 1, 1, 1, 1, 1, 1, 1, 1),
(345, 'AURI 4500SE', 'AURI4500SE', NULL, NULL, NULL, 138, 272, 1, 1, 1, 1, 1, 1, 1, 1),
(346, 'AURI 3500 MRD2', 'AURI3500 MRD2', NULL, NULL, NULL, 138, 272, 1, 1, 1, 1, 1, 1, 1, 1),
(348, 'AURI 3500 MRD4', 'AURI3500 MRD4', 'AURI3500-MRD4', NULL, NULL, 138, 272, 1, 1, 1, 1, 1, 1, 1, 1),
(349, 'FOX 1500 MRD2', 'FOX1500B', NULL, NULL, NULL, 138, 272, 1, 1, 1, 1, 1, 1, 1, 1),
(350, 'FOX 1500SE', 'FOX1500SE', 'FOX1500-SE', NULL, NULL, 138, 272, 1, 1, 1, 1, 1, 1, 1, 1),
(351, 'FOX 1000 MRD2', 'FOX1000B', NULL, NULL, NULL, 138, 272, 1, 1, 1, 1, 1, 1, 1, 1),
(352, 'FOX 1000 S', 'FOX 1000S', NULL, NULL, NULL, 138, 272, 1, 1, 1, 1, 1, 1, 1, 1),
(353, 'FOX 1500 R', 'FOX1500-R', NULL, NULL, NULL, 138, 272, 1, 1, 1, 1, 1, 1, 1, 1),
(354, 'LYRIX550-SE', 'LYRIX 550SE', NULL, NULL, NULL, 138, 445, 1, 1, 1, 1, 1, 1, 1, 1),
(355, 'LYRIX550 R', 'LYRIX 550 R', NULL, NULL, NULL, 138, 445, 1, 1, 1, 1, 1, 1, 1, 1),
(356, 'LYRIX500-R', 'LYRIX 500 R', NULL, NULL, NULL, 138, 445, 1, 1, 1, 1, 1, 1, 1, 1),
(357, 'FOX 1500 S', 'FOX1500S', NULL, NULL, NULL, 138, 272, 1, 1, 1, 1, 1, 1, 1, 1),
(358, 'FOX 1500 MRD3', 'FOX1500B2', NULL, NULL, NULL, 138, 272, 1, 1, 1, 1, 1, 1, 1, 1),
(359, 'GATE 4500 SE', 'GATE 4500SE', 'GATE4500SE', 'GATE4500-SE', NULL, 138, 272, 1, 1, 1, 1, 1, 1, 1, 1),
(360, 'GATE4500 R', 'GATE 4500 R', NULL, NULL, NULL, 138, 272, 1, 1, 1, 1, 1, 1, 1, 1),
(361, 'GATE4800-R', 'GATE 4500 R', NULL, NULL, NULL, 138, 272, 1, 1, 1, 1, 1, 1, 1, 1),
(362, 'FOX 1000 R', 'FOX 1000R', NULL, NULL, NULL, 138, 272, 1, 1, 1, 1, 1, 1, 1, 1),
(363, 'FOX 1000 MRD3', 'FOX 1000B2', NULL, NULL, NULL, 138, 272, 1, 1, 1, 1, 1, 1, 1, 1),
(364, 'FOX 1000 R S', NULL, NULL, NULL, NULL, 138, 272, 1, 1, 1, 1, 1, 1, 1, 1),
(365, 'AURI 2000', 'AURI2000', NULL, NULL, NULL, 138, 272, 1, 1, 1, 1, 1, 1, 1, 1),
(366, 'AURI 3000', 'AURI3000', NULL, NULL, NULL, 138, 272, 1, 1, 1, 1, 1, 1, 1, 1),
(367, 'AURI 3500', 'AURI3500', NULL, NULL, NULL, 138, 272, 1, 1, 1, 1, 1, 1, 1, 1),
(368, 'FOX 1500', 'FOX1500', NULL, NULL, NULL, 138, 272, 1, 1, 1, 1, 1, 1, 1, 1),
(369, 'FOX 1000', 'FOX1000', NULL, NULL, NULL, 138, 272, 1, 1, 1, 1, 1, 1, 1, 1),
(370, 'FOX 1005', 'FOX1005', NULL, NULL, NULL, 138, 272, 1, 1, 1, 1, 1, 1, 1, 1),
(371, 'FOX 500', 'FOX500', NULL, NULL, NULL, 138, 272, 1, 1, 1, 1, 1, 1, 1, 1),
(372, 'LYRIX500', 'LYRIX 500', 'Lyrix500', 'RIX500', NULL, 138, 445, 1, 1, 1, 1, 1, 1, 1, 1),
(373, 'LYRIX 550', 'LYRIX550', NULL, NULL, NULL, 138, 445, 1, 1, 1, 1, 1, 1, 1, 1),
(374, 'GATE 4500', 'GATE4500', NULL, NULL, NULL, 138, 272, 1, 1, 1, 1, 1, 1, 1, 1),
(375, 'GATE 4000', 'GATE4000', NULL, NULL, NULL, 138, 272, 1, 1, 1, 1, 1, 1, 1, 1),
(376, 'GATE 4800', 'GATE4800', NULL, NULL, NULL, 138, 272, 1, 1, 1, 1, 1, 1, 1, 1),
(377, 'CORSA 100R', 'CORSA 100 R', NULL, NULL, NULL, 138, 445, 1, 1, 1, 1, 1, 1, 1, 1),
(378, 'CORSA 100 MRD3', 'CORSA 100B2', NULL, NULL, NULL, 138, 445, 1, 1, 1, 1, 1, 1, 1, 1),
(379, 'CORSA 100 MRD2', 'CORSA 100B', NULL, NULL, NULL, 138, 445, 1, 1, 1, 1, 1, 1, 1, 1),
(380, 'CORSA 150SE', 'CORSA 150SE', NULL, NULL, NULL, 138, 445, 1, 1, 1, 1, 1, 1, 1, 1),
(381, 'CORSA 50', 'CORSA 50', NULL, NULL, NULL, 138, 445, 1, 1, 1, 1, 1, 1, 1, 1),
(382, 'CORSA 150', 'CORSA 150', NULL, NULL, NULL, 138, 445, 1, 1, 1, 1, 1, 1, 1, 1),
(383, 'CORSA 100', 'CORSA 100', NULL, NULL, NULL, 138, 445, 1, 1, 1, 1, 1, 1, 1, 1),
(384, 'CORSA 250', 'CORSA 250', NULL, NULL, NULL, 138, 445, 1, 1, 1, 1, 1, 1, 1, 1),
(385, 'CS6114', 'CS6114', NULL, NULL, NULL, 138, 445, 1, 1, 1, 1, 1, 1, 1, 1),
(386, 'CS6229-4', 'CS6229-4', NULL, NULL, NULL, 138, 445, 1, 1, 1, 1, 1, 1, 1, 1),
(387, 'CS6419', 'CS6419', NULL, NULL, NULL, 138, 445, 1, 1, 1, 1, 1, 1, 1, 1),
(388, 'D56322-4', 'D56322-4', NULL, NULL, NULL, 138, 445, 1, 1, 1, 1, 1, 1, 1, 1),
(389, 'DS6211', 'DS6211', NULL, NULL, NULL, 138, 445, 1, 1, 1, 1, 1, 1, 1, 1),
(390, 'IA5839', 'IA5839', NULL, NULL, NULL, 138, 445, 1, 1, 1, 1, 1, 1, 1, 1),
(391, 'IA5859', 'IA5859', NULL, NULL, NULL, 138, 445, 1, 1, 1, 1, 1, 1, 1, 1),
(392, 'CS5121', 'CS5121', NULL, NULL, NULL, 138, 445, 1, 1, 1, 1, 1, 1, 1, 1),
(393, 'LS6215', 'LS6215', NULL, NULL, NULL, 138, 445, 1, 1, 1, 1, 1, 1, 1, 1),
(394, 'LS6225-2', 'LS6225-2', NULL, NULL, NULL, 138, 445, 1, 1, 1, 1, 1, 1, 1, 1),
(395, 'L301', 'L301', NULL, NULL, NULL, 138, 272, 1, 1, 1, 1, 1, 1, 1, 1),
(396, 'LS6426-4', 'LS6426-4', NULL, NULL, NULL, 138, 445, 1, 1, 1, 1, 1, 1, 1, 1),
(397, 'M-6110', NULL, NULL, NULL, NULL, 138, 272, 1, 1, 1, 1, 1, 1, 1, 1),
(398, 'CS5111', 'CS5111', NULL, NULL, NULL, 138, 445, 1, 1, 1, 1, 1, 1, 1, 1),
(399, 'S6225-3', 'S6225-3', NULL, NULL, NULL, 138, 445, 1, 1, 1, 1, 1, 1, 1, 1),
(400, 'S6329-3', 'S6329-3', NULL, NULL, NULL, 138, 445, 1, 1, 1, 1, 1, 1, 1, 1),
(401, 'M-6120CA', NULL, NULL, NULL, NULL, 138, 272, 1, 1, 1, 1, 1, 1, 1, 1),
(402, 'M-612DCA', NULL, NULL, NULL, NULL, 138, 272, 1, 1, 1, 1, 1, 1, 1, 1),
(403, 'M-6210', NULL, NULL, NULL, NULL, 138, 272, 1, 1, 1, 1, 1, 1, 1, 1),
(404, 'M-621DCA', NULL, NULL, NULL, NULL, 138, 272, 1, 1, 1, 1, 1, 1, 1, 1),
(405, 'M-6220', NULL, NULL, NULL, NULL, 138, 272, 1, 1, 1, 1, 1, 1, 1, 1),
(406, 'M-6230', NULL, NULL, NULL, NULL, 138, 272, 1, 1, 1, 1, 1, 1, 1, 1),
(407, 'MAGNO 500', 'MAGNO500', NULL, NULL, NULL, 138, 445, 1, 1, 1, 1, 1, 1, 1, 1),
(408, 'NEO 100', 'NEO100', NULL, NULL, NULL, 138, 272, 1, 1, 1, 1, 1, 1, 1, 1),
(409, 'NEO 100-SE', 'NEO100SE', NULL, NULL, NULL, 138, 272, 1, 1, 1, 1, 1, 1, 1, 1),
(410, 'NOVA 800SE', 'NOVA800SE', NULL, NULL, NULL, 138, 272, 1, 1, 1, 1, 1, 1, 1, 1),
(411, 'VS-5113', 'VS-5113', NULL, NULL, NULL, 138, 445, 1, 1, 1, 1, 1, 1, 1, 1),
(412, 'VT-2101', 'VT-2101', NULL, NULL, NULL, 138, 445, 1, 1, 1, 1, 1, 1, 1, 1),
(413, 'VT-2408', 'VT-2408', NULL, NULL, NULL, 138, 445, 1, 1, 1, 1, 1, 1, 1, 1),
(414, 'VT-2429', 'VT-2429', NULL, NULL, NULL, 138, 445, 1, 1, 1, 1, 1, 1, 1, 1),
(415, 'VT-2453', 'VT-2453', NULL, NULL, NULL, 138, 445, 1, 1, 1, 1, 1, 1, 1, 1),
(416, ' 2101 ', NULL, NULL, NULL, NULL, 138, 445, 1, 1, 1, 1, 1, 1, 1, 1),
(417, 'DS6522', 'DS6522', NULL, NULL, NULL, 138, 445, 1, 1, 1, 1, 1, 1, 1, 1),
(584, 'DES-1024A', 'DES-1024A', 'DES-1024A', 'DES-1024A', 'DES-1024A', 148, 90, 3, 2, 5, 3, 3, 3, 1, 1),
(586, 'TL-SF1024', NULL, NULL, NULL, NULL, 148, 413, 3, 2, 5, 3, 3, 3, 1, 1),
(587, 'TEH2400M', NULL, NULL, NULL, NULL, 148, 403, 3, 2, 5, 3, 3, 3, 1, 1),
(588, 'ENH924-AUT', NULL, NULL, NULL, NULL, 148, 127, 3, 2, 5, 3, 3, 3, 1, 1),
(589, 'MMX/1524-24P-C', NULL, NULL, NULL, NULL, 148, 278, 3, 2, 5, 3, 3, 3, 1, 1),
(590, '73.1824S', NULL, NULL, NULL, NULL, 148, 164, 3, 2, 5, 3, 3, 3, 1, 1),
(591, 'SR224T-NA', ' SR224T', 'SR224TNA', NULL, NULL, 148, 75, 3, 2, 5, 3, 3, 3, 1, 1),
(592, 'J9663A', NULL, NULL, NULL, NULL, 148, 3, 3, 2, 5, 3, 3, 3, 1, 1),
(593, 'JD986A', NULL, NULL, NULL, NULL, 148, 3, 3, 2, 5, 3, 3, 3, 1, 1),
(594, 'TE100S24G', NULL, NULL, NULL, NULL, 148, 417, 3, 2, 5, 3, 3, 3, 1, 1),
(595, 'FNSW-2401', NULL, NULL, NULL, NULL, 148, 316, 3, 2, 5, 3, 3, 3, 1, 1),
(596, 'PN-S024', ' PN S024', NULL, NULL, NULL, 148, 305, 3, 2, 5, 3, 3, 3, 1, 1),
(597, 'MTS-1024', NULL, NULL, NULL, NULL, 148, 261, 3, 2, 5, 3, 3, 3, 1, 1),
(598, 'JFS524NA', NULL, NULL, NULL, NULL, 148, 283, 3, 2, 5, 3, 3, 3, 1, 1),
(599, '3C16471B', NULL, NULL, NULL, NULL, 148, 5, 3, 2, 5, 3, 3, 3, 1, 1),
(600, 'DGS-1024D', NULL, NULL, NULL, NULL, 148, 90, 3, 3, 5, 3, 3, 3, 1, 1),
(601, 'TEG1024G', NULL, NULL, NULL, NULL, 148, 403, 3, 3, 5, 3, 3, 3, 1, 1),
(602, 'DN-SG1024', NULL, NULL, NULL, NULL, 148, 92, 3, 3, 5, 3, 3, 3, 1, 1),
(603, 'JD022A', NULL, NULL, NULL, NULL, 148, 3, 3, 3, 5, 3, 3, 3, 1, 1),
(604, 'TL-SG1024 ', 'TL-SG1024D', NULL, NULL, NULL, 148, 413, 3, 3, 5, 3, 3, 3, 1, 1),
(605, 'TEG1-S24DG ', 'TEGS24DG', NULL, NULL, NULL, 148, 417, 3, 3, 5, 3, 3, 3, 1, 1),
(606, 'TEG-S24G', ' TEGS24G', NULL, NULL, NULL, 148, 417, 3, 3, 5, 3, 3, 3, 1, 1),
(607, 'SR2024T', 'SR2024T-NA', 'SR2024TNA', NULL, NULL, 148, 75, 3, 3, 5, 3, 3, 3, 1, 1),
(608, '73.3424G', NULL, NULL, NULL, NULL, 148, 164, 3, 3, 5, 3, 3, 3, 1, 1),
(609, 'GSW2401', 'GSW-2401', NULL, NULL, NULL, 148, 316, 3, 3, 5, 3, 3, 3, 1, 1),
(610, 'MTS-3024', NULL, NULL, NULL, NULL, 148, 261, 3, 3, 5, 3, 3, 3, 1, 1),
(611, 'JGS524NA', NULL, NULL, NULL, NULL, 148, 283, 3, 3, 5, 3, 3, 3, 1, 1),
(612, 'FGSW-2620', NULL, NULL, NULL, NULL, 148, 316, 3, 2, 5, 2, 3, 3, 1, 1),
(613, 'J9664A', NULL, NULL, NULL, NULL, 148, 3, 3, 2, 5, 2, 3, 3, 1, 1),
(614, 'JD020A', NULL, NULL, NULL, NULL, 148, 3, 3, 2, 5, 2, 3, 3, 1, 1),
(615, 'DES-1026G', NULL, NULL, NULL, NULL, 148, 90, 3, 2, 5, 2, 3, 3, 1, 1),
(616, 'DES-1016A', NULL, NULL, NULL, NULL, 148, 90, 3, 2, 4, 3, 3, 3, 1, 1),
(617, 'MSWIS1016D', NULL, NULL, NULL, NULL, 148, 278, 3, 2, 4, 3, 3, 3, 1, 1),
(618, 'RE036', NULL, NULL, NULL, NULL, 148, 275, 3, 2, 4, 3, 3, 3, 1, 1),
(619, 'SF1016D', NULL, NULL, NULL, NULL, 148, 413, 3, 2, 4, 3, 3, 3, 1, 1),
(620, 'PN-S016', 'PN S016', NULL, NULL, NULL, 148, 305, 3, 2, 4, 3, 3, 3, 1, 1),
(621, 'ENH916P-NWY', NULL, NULL, NULL, NULL, 148, 127, 3, 2, 4, 3, 3, 3, 1, 1),
(622, 'S16', NULL, NULL, NULL, NULL, 148, 403, 3, 2, 4, 3, 3, 3, 1, 1),
(623, 'TEH1600M', ' TEH160SK ', NULL, NULL, NULL, 148, 403, 3, 2, 4, 3, 3, 3, 1, 1),
(624, 'J9662A', NULL, NULL, NULL, NULL, 148, 3, 3, 2, 4, 3, 3, 3, 1, 1),
(625, 'JD858A', NULL, NULL, NULL, NULL, 148, 3, 3, 2, 4, 3, 3, 3, 1, 1),
(626, 'JD984A', NULL, NULL, NULL, NULL, 148, 3, 3, 2, 4, 3, 3, 3, 1, 1),
(627, '3C16792 ', ' 3C16792A', NULL, NULL, NULL, 148, 5, 3, 2, 4, 3, 3, 3, 1, 1),
(628, '3C16470B', '3C16470', NULL, NULL, NULL, 148, 5, 3, 2, 4, 3, 3, 3, 1, 1),
(629, 'TE100-S16G', NULL, NULL, NULL, NULL, 148, 417, 3, 2, 4, 3, 3, 3, 1, 1),
(630, '73.1816S', NULL, NULL, NULL, NULL, 148, 164, 3, 2, 4, 3, 3, 3, 1, 1),
(631, 'SD216T', 'SD216T-NA', NULL, NULL, NULL, 148, 75, 3, 2, 4, 3, 3, 3, 1, 1),
(632, 'SR216T', 'SR216T-NA', NULL, NULL, NULL, 148, 75, 3, 2, 4, 3, 3, 3, 1, 1),
(633, 'LEAD8290', NULL, NULL, NULL, NULL, 148, 234, 3, 2, 4, 3, 3, 3, 1, 1),
(634, 'MTS-1016D', NULL, NULL, NULL, NULL, 148, 261, 3, 2, 4, 3, 3, 3, 1, 1),
(635, 'MTS-1016', NULL, NULL, NULL, NULL, 148, 261, 3, 2, 4, 3, 3, 3, 1, 1),
(636, 'FNSW-1601', NULL, NULL, NULL, NULL, 148, 316, 3, 2, 4, 3, 3, 3, 1, 1),
(637, 'EZNET-16SW', NULL, NULL, NULL, NULL, 148, 370, 3, 2, 4, 3, 3, 3, 1, 1),
(638, '3CGSU08', '3CGSU08A', NULL, NULL, NULL, 148, 5, 3, 3, 3, 3, 3, 3, 1, 1),
(639, '3C1670800C', NULL, NULL, NULL, NULL, 148, 5, 3, 3, 3, 3, 3, 3, 1, 1),
(640, 'G1008D', NULL, NULL, NULL, NULL, 148, 403, 3, 3, 3, 3, 3, 3, 1, 1),
(642, 'J9559A', NULL, NULL, NULL, NULL, 148, 3, 3, 3, 3, 3, 3, 3, 1, 1),
(643, 'JD841A', NULL, NULL, NULL, NULL, 148, 3, 3, 3, 3, 3, 3, 3, 1, 1),
(645, 'JD871A', NULL, NULL, NULL, NULL, 148, 3, 3, 3, 3, 3, 3, 3, 1, 1),
(647, 'RE043', NULL, NULL, NULL, NULL, 148, 275, 3, 3, 3, 3, 3, 3, 1, 1),
(648, 'TL-SG1008D', NULL, NULL, NULL, NULL, 148, 413, 3, 3, 3, 3, 3, 3, 1, 1),
(649, 'DGS-1008D', NULL, NULL, NULL, NULL, 148, 90, 3, 3, 3, 3, 3, 3, 1, 1),
(650, 'ENHGS-800X4', NULL, NULL, NULL, NULL, 148, 127, 3, 3, 3, 3, 3, 3, 1, 1),
(651, 'SD2008', 'SD2008TNA', 'SD2008T-NA', 'SD2008T', NULL, 148, 75, 3, 3, 3, 3, 3, 3, 1, 1),
(652, 'TEG-S8g', NULL, NULL, NULL, NULL, 148, 417, 3, 3, 3, 3, 3, 3, 1, 1),
(653, 'GSD-804', NULL, NULL, NULL, NULL, 148, 316, 3, 3, 3, 3, 3, 3, 1, 1),
(654, 'DES-1008A', NULL, NULL, NULL, NULL, 148, 90, 3, 2, 3, 3, 3, 3, 1, 1),
(655, 'DES-1008D', NULL, NULL, NULL, NULL, 148, 90, 3, 2, 3, 3, 3, 3, 1, 1),
(656, 'M008s', NULL, NULL, NULL, NULL, 148, 315, 3, 2, 3, 3, 3, 3, 1, 1),
(657, 'GES400', NULL, NULL, NULL, NULL, 148, 159, 3, 2, 3, 3, 3, 3, 1, 1),
(658, 'ENH908NWY', 'ENH908-NWY ', NULL, NULL, NULL, 148, 127, 3, 2, 3, 3, 3, 3, 1, 1),
(659, 'TL-SF1008D', NULL, NULL, NULL, NULL, 148, 413, 3, 2, 3, 3, 3, 3, 1, 1),
(660, 'GSW-0807', NULL, NULL, NULL, NULL, 148, 316, 3, 2, 3, 3, 3, 3, 1, 1),
(661, 'Fsw 0811', NULL, NULL, NULL, NULL, 148, 240, 3, 2, 3, 3, 3, 3, 1, 1),
(662, 'S108', NULL, NULL, NULL, NULL, 148, 403, 3, 2, 3, 3, 3, 3, 1, 1),
(663, ' S8 ', NULL, NULL, NULL, NULL, 148, 403, 3, 2, 3, 3, 3, 3, 1, 1),
(664, 'EVO-FSH8C', NULL, NULL, NULL, NULL, 148, 364, 3, 2, 3, 3, 3, 3, 1, 1),
(665, 'MSWI/S1008D-BK', NULL, NULL, NULL, NULL, 148, 278, 3, 2, 3, 3, 3, 3, 1, 1),
(666, 'ELO ES8', NULL, NULL, NULL, NULL, 148, 244, 3, 2, 3, 3, 3, 3, 1, 1),
(667, 'J9661A', NULL, NULL, NULL, NULL, 148, 3, 3, 2, 3, 3, 3, 3, 1, 1),
(668, 'JD867A', NULL, NULL, NULL, NULL, 148, 3, 3, 2, 3, 3, 3, 3, 1, 1),
(670, 'JD856A', NULL, NULL, NULL, NULL, 148, 3, 3, 2, 3, 3, 3, 3, 1, 1),
(671, 'TE100-S8', NULL, NULL, NULL, NULL, 148, 417, 3, 2, 3, 3, 3, 3, 1, 1),
(672, 'SW-1008D', NULL, NULL, NULL, NULL, 148, 163, 3, 2, 3, 3, 3, 3, 1, 1),
(673, '73.2208K', NULL, NULL, NULL, NULL, 148, 164, 3, 2, 3, 3, 3, 3, 1, 1),
(674, '73.2108K', NULL, NULL, NULL, NULL, 148, 164, 3, 2, 3, 3, 3, 3, 1, 1),
(675, 'PN-S008', NULL, NULL, NULL, NULL, 148, 305, 3, 2, 3, 3, 3, 3, 1, 1),
(676, 'SW0820', NULL, NULL, NULL, NULL, 148, 133, 3, 2, 3, 3, 3, 3, 1, 1),
(677, 'RE023', NULL, NULL, NULL, NULL, 148, 275, 3, 2, 3, 3, 3, 3, 1, 1),
(678, 'HUBB0003', NULL, NULL, NULL, NULL, 148, 456, 3, 2, 3, 3, 3, 3, 1, 1),
(679, 'SW-804', NULL, NULL, NULL, NULL, 148, 316, 3, 2, 3, 3, 3, 3, 1, 1),
(680, 'SD208T-NA', NULL, NULL, NULL, NULL, 148, 75, 3, 2, 3, 3, 3, 3, 1, 1),
(681, '3CFSU08', NULL, NULL, NULL, NULL, 148, 5, 3, 2, 3, 3, 3, 3, 1, 1),
(682, '3C16791C', NULL, NULL, NULL, NULL, 148, 5, 3, 2, 3, 3, 3, 3, 1, 1),
(683, 'MTS-108p', NULL, NULL, NULL, NULL, 148, 261, 3, 2, 3, 3, 3, 3, 1, 1),
(684, 'MTS-1008d', NULL, NULL, NULL, NULL, 148, 261, 3, 2, 3, 3, 3, 3, 1, 1),
(685, 'PN-S005', NULL, NULL, NULL, NULL, 148, 305, 3, 2, 2, 3, 3, 3, 1, 1),
(686, 'MSWI/S1005D-BK', NULL, NULL, NULL, NULL, 148, 278, 3, 2, 2, 3, 3, 3, 1, 1),
(687, 'JD791A', NULL, NULL, NULL, NULL, 148, 3, 3, 2, 2, 3, 3, 3, 1, 1),
(688, 'JD866A', NULL, NULL, NULL, NULL, 148, 3, 3, 2, 2, 3, 3, 3, 1, 1),
(690, '3CFSU05', NULL, NULL, NULL, NULL, 148, 5, 3, 2, 2, 3, 3, 3, 1, 1),
(691, 'TL-SG1005D', NULL, NULL, NULL, NULL, 148, 413, 3, 3, 2, 3, 3, 3, 1, 1),
(692, 'TL-SF1005D', NULL, NULL, NULL, NULL, 148, 413, 3, 2, 2, 3, 3, 3, 1, 1),
(693, 'SD205T-NA', NULL, NULL, NULL, NULL, 148, 75, 3, 2, 2, 3, 3, 3, 1, 1),
(694, 'SD2005', NULL, NULL, NULL, NULL, 148, 75, 3, 3, 2, 3, 3, 3, 1, 1),
(695, 'RE021', NULL, NULL, NULL, NULL, 148, 275, 3, 2, 2, 3, 3, 3, 1, 1),
(696, 'DGS-1005D', NULL, NULL, NULL, NULL, 148, 90, 3, 3, 2, 3, 3, 3, 1, 1),
(697, 'DES-1005D', NULL, NULL, NULL, NULL, 148, 90, 3, 2, 2, 3, 3, 3, 1, 1),
(698, 'TE100S5', NULL, NULL, NULL, NULL, 148, 417, 3, 2, 2, 3, 3, 3, 1, 1),
(699, 'S105', NULL, NULL, NULL, NULL, 148, 403, 3, 2, 2, 3, 3, 3, 1, 1),
(700, 'G1005D', NULL, NULL, NULL, NULL, 148, 403, 3, 3, 2, 3, 3, 3, 1, 1),
(701, 'GSW-0507', NULL, NULL, NULL, NULL, 148, 240, 3, 3, 2, 3, 3, 3, 1, 1),
(703, 'SW-504', NULL, NULL, NULL, NULL, 148, 316, 3, 2, 2, 3, 3, 3, 1, 1),
(704, 'FSD-503', NULL, NULL, NULL, NULL, 148, 316, 3, 2, 2, 3, 3, 3, 1, 1),
(705, 'GSD-503', NULL, NULL, NULL, NULL, 148, 316, 3, 3, 2, 3, 3, 3, 1, 1),
(706, 'GSD-504', NULL, NULL, NULL, NULL, 148, 316, 3, 3, 2, 3, 3, 3, 1, 1),
(707, 'ENH905-NWY', NULL, NULL, NULL, NULL, 148, 127, 3, 2, 2, 3, 3, 3, 1, 1),
(708, 'DGS-1210 24', NULL, NULL, NULL, NULL, 148, 90, 2, 3, 5, 3, 2, 3, 1, 1),
(709, 'DGS 1500-28', NULL, NULL, NULL, NULL, 148, 90, 2, 3, 5, 3, 2, 3, 1, 1),
(710, '8024L2', NULL, NULL, NULL, NULL, 148, 370, 2, 3, 5, 3, 2, 3, 1, 1),
(711, 'J9450A', NULL, NULL, NULL, NULL, 148, 3, 2, 3, 5, 3, 2, 3, 1, 1),
(712, 'JE006A', NULL, NULL, NULL, NULL, 148, 3, 2, 3, 5, 3, 2, 3, 1, 1),
(713, 'WGSW-28040', NULL, NULL, NULL, NULL, 148, 316, 2, 3, 5, 3, 2, 3, 1, 1),
(714, 'WGSW-24040', NULL, NULL, NULL, NULL, 148, 316, 2, 3, 5, 3, 2, 3, 1, 1),
(715, 'TEG-240WS', NULL, NULL, NULL, NULL, 148, 417, 2, 3, 5, 3, 2, 3, 1, 1),
(716, 'GS724TS-100NAS', NULL, NULL, NULL, NULL, 148, 283, 2, 3, 5, 3, 2, 3, 1, 1),
(717, 'GSW-2476', NULL, NULL, NULL, NULL, 148, 240, 2, 3, 5, 3, 2, 3, 1, 1),
(718, 'SLM2024T-NA', NULL, NULL, NULL, NULL, 148, 75, 2, 3, 5, 3, 2, 3, 1, 1),
(719, 'SRW2024', NULL, NULL, NULL, NULL, 148, 75, 2, 3, 5, 3, 2, 3, 1, 1),
(720, '3CBLSG24', NULL, NULL, NULL, NULL, 148, 5, 2, 3, 5, 3, 2, 3, 1, 1),
(721, 'DES-1210 28', NULL, NULL, NULL, NULL, 148, 90, 2, 2, 5, 2, 2, 3, 1, 1),
(722, 'DES-3528', NULL, NULL, NULL, NULL, 148, 90, 2, 2, 5, 2, 2, 3, 1, 1),
(723, 'DES-3028', NULL, NULL, NULL, NULL, 148, 90, 2, 2, 5, 2, 2, 3, 1, 1),
(724, 'DES-3226L/A', NULL, NULL, NULL, NULL, 148, 90, 2, 2, 5, 2, 2, 3, 1, 1),
(725, 'DES-3526', NULL, NULL, NULL, NULL, 148, 90, 2, 2, 5, 2, 2, 3, 1, 1),
(726, 'DES-1228', NULL, NULL, NULL, NULL, 148, 90, 2, 2, 5, 2, 2, 3, 1, 1),
(727, 'FGSW-2620VM', NULL, NULL, NULL, NULL, 148, 316, 2, 2, 5, 2, 2, 3, 1, 1),
(728, 'JD990A', NULL, NULL, NULL, NULL, 148, 3, 2, 2, 5, 2, 2, 3, 1, 1),
(729, 'J9019B', NULL, NULL, NULL, NULL, 148, 3, 2, 2, 5, 2, 2, 3, 1, 1),
(731, 'J9623A', NULL, NULL, NULL, NULL, 148, 3, 2, 2, 5, 2, 2, 3, 1, 1),
(732, 'JF427A', NULL, NULL, NULL, NULL, 148, 3, 2, 2, 5, 2, 2, 3, 1, 1),
(733, 'SL3428', 'TL-SL3428', NULL, NULL, NULL, 148, 413, 2, 2, 5, 2, 2, 3, 1, 1),
(734, 'TL-SL5428E', NULL, NULL, NULL, NULL, 148, 413, 2, 2, 5, 2, 2, 3, 1, 1),
(735, '73.3424V', NULL, NULL, NULL, NULL, 148, 164, 2, 2, 5, 2, 3, 3, 1, 1),
(736, 'PN-SG028', NULL, NULL, NULL, NULL, 148, 305, 2, 2, 5, 2, 2, 3, 1, 1),
(737, 'MTS-2242TX', NULL, NULL, NULL, NULL, 148, 261, 2, 2, 5, 2, 3, 3, 1, 1),
(738, 'MTS-2242SX', NULL, NULL, NULL, NULL, 148, 261, 2, 2, 5, 2, 2, 3, 1, 1),
(739, 'TEG-424WS', NULL, NULL, NULL, NULL, 148, 417, 2, 2, 5, 2, 2, 3, 1, 1),
(740, 'SLM224GT-NA', NULL, NULL, NULL, NULL, 148, 75, 2, 2, 5, 2, 2, 3, 1, 1),
(741, 'SRW224G4-K9-NA', NULL, NULL, NULL, NULL, 148, 75, 2, 2, 5, 2, 2, 3, 1, 1),
(742, 'SFE2000', NULL, NULL, NULL, NULL, 148, 75, 2, 2, 5, 2, 2, 3, 1, 1),
(743, 'FS728TSNA', NULL, NULL, NULL, NULL, 148, 283, 2, 2, 5, 2, 2, 3, 1, 1),
(744, '3C17300A', NULL, NULL, NULL, NULL, 148, 5, 2, 2, 5, 2, 3, 3, 1, 1),
(745, '3C16475CS', NULL, NULL, NULL, NULL, 148, 5, 2, 2, 5, 2, 2, 3, 1, 1),
(746, '3CR17333-91', NULL, NULL, NULL, NULL, 148, 5, 2, 2, 5, 2, 2, 3, 1, 1),
(747, '3C17304', NULL, NULL, NULL, NULL, 148, 5, 2, 2, 5, 2, 2, 3, 1, 1),
(748, 'SRW224G4', NULL, NULL, NULL, NULL, 148, 251, 2, 2, 5, 2, 2, 3, 1, 1),
(749, 'DES-1210-28P', '', '', '', '', 148, 90, 1, 1, 1, 1, 1, 1, 1, 1),
(774, 'ENH908-NWY', 'ENH908NWY', '', '', '', 148, 127, 3, 2, 3, 3, 3, 3, 1, 1),
(775, 'SF 2400 QR', 'SF2400QR', '', '', '', 148, 196, 3, 2, 5, 3, 3, 3, 1, 1),
(776, 'SF 1600D', 'SF1600D', '', '', '', 148, 196, 3, 2, 4, 3, 3, 3, 1, 1),
(777, 'SF 800Q', 'SF800Q', '', '', '', 148, 196, 3, 2, 3, 3, 3, 3, 1, 1),
(778, 'SF 800V', 'SF800V', '', '', '', 148, 196, 3, 2, 3, 3, 3, 3, 1, 1),
(779, 'SF 800P', 'SF800P', '', '', '', 148, 196, 3, 2, 3, 3, 3, 3, 1, 1),
(780, 'WS-C2960S-48FPS-L', '', '', '', '', 148, 75, 2, 3, 6, 3, 2, 2, 1, 1),
(781, 'WS-C2960S-48FPD-L', '', '', '', '', 148, 75, 2, 3, 6, 3, 2, 2, 1, 1),
(782, 'WS-C2960S-24PS-L', '', '', '', '', 148, 75, 2, 3, 5, 3, 2, 2, 1, 1),
(783, 'WS-C2960-24PC-L', '', '', '', '', 148, 75, 2, 2, 5, 2, 2, 2, 1, 1),
(784, 'WS-C2960-24PC-S', '', '', '', '', 148, 75, 2, 2, 5, 2, 2, 2, 1, 1),
(785, 'WS-C2960-48PST-L', '', '', '', '', 148, 75, 2, 2, 6, 2, 2, 2, 1, 1),
(786, 'SRW208P-K9-NA', '', '', '', '', 148, 75, 2, 2, 3, 2, 2, 2, 1, 1),
(787, 'SRW2008MP-K9', '', '', '', '', 148, 75, 2, 3, 3, 2, 2, 2, 1, 1),
(788, 'SD208P', '', '', '', '', 148, 75, 3, 2, 3, 3, 3, 2, 1, 1),
(789, 'DES-3200-28P', '', '', '', '', 148, 90, 2, 2, 5, 2, 2, 2, 1, 1),
(790, 'DGS-3120-24PC', '', '', '', '', 148, 90, 5, 3, 7, 2, 2, 3, 1, 1),
(791, 'EX2200-24P-4G', '', '', '', '', 148, 209, 2, 3, 5, 3, 2, 2, 1, 1),
(792, 'FortiSwitch-80-PoE', '', '', '', '', 148, 478, 3, 2, 3, 3, 3, 2, 1, 1),
(793, 'MIL-SM24TAF4GPA', '', '', '', '', 148, 414, 2, 3, 5, 3, 2, 2, 1, 1),
(794, 'JG301A', '', '', '', '', 148, 3, 2, 2, 5, 2, 2, 2, 1, 1),
(795, 'JD992A', '', '', '', '', 148, 3, 2, 2, 5, 2, 3, 2, 1, 1),
(796, 'ZXR10 3928A ', 'ZXR103928A ', '', '', '', 148, 475, 4, 2, 5, 3, 2, 3, 1, 1),
(797, 'ZXR10 3928A-PS ', 'ZXR103928A-PS ', '', '', '', 148, 475, 4, 2, 5, 3, 2, 2, 1, 1),
(798, 'ZXR10 3952A', '', '', '', '', 148, 475, 4, 2, 6, 3, 2, 3, 1, 1),
(799, 'TPE-S80', 'TPES80', '', '', '', 148, 417, 3, 2, 3, 3, 3, 2, 1, 1),
(800, 'DES-3200-10', '', '', '', '', 148, 90, 2, 2, 3, 2, 2, 3, 1, 1),
(801, 'WS-C3560CG-8PC-S', '', '', '', '', 148, 75, 2, 3, 3, 3, 2, 2, 1, 1),
(802, 'SF100D-08P', '', '', '', '', 148, 75, 3, 2, 3, 3, 3, 2, 1, 1),
(803, 'WS-C2960S-24PD-L', '', '', '', '', 148, 75, 2, 3, 5, 2, 2, 2, 1, 1),
(804, 'OS6850E-P48X', '', '', '', '', 148, 15, 4, 3, 6, 2, 2, 2, 1, 1),
(805, 'WS-C2960S-48FPD', '', '', '', '', 148, 75, 2, 3, 6, 2, 2, 2, 1, 1),
(806, 'WS-C2960S-48LPS-L', '', '', '', '', 148, 75, 5, 3, 6, 3, 2, 2, 1, 1),
(807, 'EX4200-48PX', '', '', '', '', 148, 209, 2, 3, 6, 3, 2, 2, 1, 1),
(808, 'EX4200-48T', '', '', '', '', 148, 209, 2, 3, 6, 3, 2, 2, 1, 1),
(809, 'EX4200-24T', '', '', '', '', 148, 209, 2, 3, 5, 3, 2, 3, 1, 1),
(810, 'PMH-POE16260WAT', 'POE16260WAT', '', '', '', 148, 247, 2, 2, 4, 2, 2, 3, 1, 1),
(811, 'WS-C3560V2-24PS-S', '', '', '', '', 148, 75, 2, 2, 5, 3, 2, 3, 1, 1),
(812, 'OS6450-24', '', '', '', '', 148, 15, 2, 3, 5, 3, 2, 3, 1, 1),
(813, 'ME-3400G-12CS-D', '', '', '', '', 148, 75, 4, 3, 8, 3, 2, 3, 1, 1),
(814, 'JE068A', '', '', '', '', 148, 3, 2, 3, 5, 2, 2, 3, 1, 1),
(815, 'JD320B', '', '', '', '', 148, 3, 2, 2, 5, 2, 2, 3, 1, 1),
(816, 'JE009A', '', '', '', '', 148, 3, 2, 3, 6, 3, 2, 3, 1, 1),
(817, 'JD320A', '', '', '', '', 148, 3, 2, 2, 5, 2, 2, 3, 1, 1),
(818, 'JG304A', '', '', '', '', 148, 3, 2, 2, 5, 2, 2, 3, 1, 1),
(820, 'J9791A', '', '', '', '', 148, 3, 3, 2, 2, 3, 3, 3, 1, 1),
(821, 'JD329A', '', '', '', '', 148, 3, 4, 2, 5, 3, 2, 3, 1, 1),
(822, 'JG237A', '', '', '', '', 148, 3, 4, 3, 6, 3, 2, 3, 1, 1),
(823, 'JE072A', '', '', '', '', 148, 3, 4, 3, 6, 3, 2, 3, 1, 1),
(824, 'J9560A', '', '', '', '', 148, 3, 3, 3, 4, 3, 3, 3, 1, 1),
(825, 'JG348A', '', '', '', '', 148, 3, 3, 3, 3, 3, 3, 3, 1, 1),
(826, 'J9794A', '', '', '', '', 148, 3, 3, 3, 3, 3, 3, 3, 1, 1),
(827, 'J9793A', '', '', '', '', 148, 3, 3, 2, 3, 3, 3, 3, 1, 1),
(830, 'J9085A', '', '', '', '', 148, 3, 2, 2, 5, 2, 2, 3, 1, 1),
(831, 'JE069A', '', '', '', '', 148, 3, 2, 3, 6, 3, 2, 3, 1, 1),
(832, 'JC101A', '', '', '', '', 148, 3, 4, 3, 6, 3, 2, 3, 1, 1),
(833, 'JD377A', '', '', '', '', 148, 3, 4, 3, 5, 3, 2, 3, 1, 1),
(834, 'JG307A', '', '', '', '', 148, 3, 4, 2, 6, 3, 2, 2, 1, 1),
(835, 'J9279A', '', '', '', '', 148, 3, 2, 3, 5, 3, 2, 3, 1, 1),
(836, 'J9148A', '', '', '', '', 148, 3, 2, 3, 6, 2, 2, 2, 1, 1),
(837, 'J9020A', '', '', '', '', 148, 3, 5, 2, 6, 2, 2, 3, 1, 1),
(839, 'SRW224G4-K9-BR', '', '', '', '', 148, 75, 2, 2, 5, 2, 2, 3, 1, 1),
(840, 'JD378A', '', '', '', '', 148, 3, 4, 3, 5, 3, 2, 2, 1, 1);
INSERT INTO `Modelo` (`MOID`, `MNome`, `MNome1`, `MNome2`, `MNome3`, `MNome4`, `Categoria_CID`, `Marca_MAID`, `SubCategoria1_SCID`, `SubCategoria2_SCID`, `SubCategoria3_SCID`, `SubCategoria4_SCID`, `SubCategoria5_SCID`, `SubCategoria6_SCID`, `SubCategoria7_SCID`, `SubCategoria8_SCID`) VALUES
(841, 'J9792A', '', '', '', '', 148, 3, 4, 3, 5, 3, 2, 2, 1, 1),
(842, 'J9146A', '', '', '', '', 148, 3, 4, 3, 5, 3, 2, 2, 1, 1),
(843, 'JD375A', '', '', '', '', 148, 3, 4, 3, 6, 3, 2, 3, 1, 1),
(844, 'JE066A', '', '', '', '', 148, 3, 4, 3, 5, 3, 2, 3, 1, 1),
(845, 'JG241A', '', '', '', '', 148, 3, 4, 3, 5, 3, 2, 2, 1, 1),
(846, 'JG315A', '', '', '', '', 148, 3, 2, 2, 6, 2, 2, 3, 1, 1),
(847, 'WS-C2960-24TT-L', '', '', '', '', 148, 75, 2, 2, 5, 2, 2, 3, 1, 1),
(848, 'J9562A', '', '', '', '', 148, 3, 2, 3, 3, 2, 3, 2, 1, 1),
(849, 'J9137A', '', '', '', '', 148, 3, 2, 2, 3, 2, 2, 2, 1, 1),
(853, 'J9449A', '', '', '', '', 148, 3, 2, 3, 3, 3, 3, 3, 1, 1),
(854, 'JG221A', '', '', '', '', 148, 3, 2, 2, 3, 2, 2, 3, 1, 1),
(855, 'JD865A', '', '', '', '', 148, 3, 2, 3, 3, 2, 2, 3, 1, 1),
(856, 'DES-1210-52', '', '', '', '', 148, 90, 2, 2, 6, 2, 2, 3, 1, 1),
(857, 'DES-3010G', '', '', '', '', 148, 90, 2, 2, 3, 2, 2, 3, 1, 1),
(858, 'TE100-S800i', '', '', '', '', 148, 417, 2, 2, 3, 3, 3, 3, 1, 1),
(859, 'TL-SG3210', '', '', '', '', 148, 413, 2, 3, 3, 3, 2, 3, 1, 1),
(860, 'SL-2210WEB', '', '', '', '', 148, 413, 2, 2, 3, 2, 2, 3, 1, 1),
(861, 'GSD-800S', '', '', '', '', 148, 316, 2, 3, 3, 3, 3, 3, 1, 1),
(862, 'GSD-802S', '', '', '', '', 148, 316, 2, 3, 3, 3, 2, 3, 1, 1),
(863, 'WGSD-10020', '', '', '', '', 148, 316, 2, 3, 3, 3, 2, 3, 1, 1),
(864, 'FGSD-1022', '', '', '', '', 148, 316, 2, 2, 3, 2, 2, 3, 1, 1),
(867, 'SF302-08', 'SRW208G-K9-NA', '', '', '', 148, 75, 4, 2, 3, 2, 2, 3, 1, 1),
(868, 'SF300-08', 'SRW208-K9-NA', '', '', '', 148, 75, 4, 2, 3, 3, 3, 3, 1, 1),
(869, 'SG20008', 'SLM2008T-NA', '', '', '', 148, 75, 2, 3, 3, 3, 3, 2, 1, 1),
(871, 'TE100-S5', '', '', '', '', 148, 417, 3, 2, 2, 3, 3, 3, 1, 1),
(872, 'TN-448WS', '', '', '', '', 148, 417, 2, 3, 6, 3, 2, 3, 1, 1),
(873, 'DGS-1008G', '', '', '', '', 148, 90, 3, 3, 3, 3, 3, 3, 1, 1),
(874, 'ES-3208P', '', '', '', '', 148, 122, 3, 2, 3, 3, 3, 3, 1, 1),
(875, 'OT-2208SIW/UX', '', '', '', '', 148, 302, 2, 2, 3, 3, 3, 3, 1, 1),
(876, 'OT-2008SI-VN/UX', '', '', '', '', 148, 302, 3, 2, 3, 3, 3, 3, 1, 1),
(877, 'JETNET 5012G', '', '', '', '', 148, 479, 2, 2, 3, 2, 2, 3, 1, 1),
(878, 'OT-2310SIW/UX', '', '', '', '', 148, 302, 2, 2, 3, 2, 3, 3, 1, 1),
(879, 'MSWI/S1008D', '', '', '', '', 148, 278, 3, 2, 3, 3, 3, 3, 1, 1),
(880, 'MSWI/S1005D', '', '', '', '', 148, 278, 3, 2, 2, 3, 3, 3, 1, 1),
(881, 'MSWI/S1024D', '', '', '', '', 148, 278, 3, 2, 5, 3, 3, 3, 1, 1),
(882, 'MSWI-S1016D', '', '', '', '', 148, 278, 3, 2, 4, 3, 3, 3, 1, 1),
(883, 'MSWI/S1008GD', '', '', '', '', 148, 278, 3, 3, 3, 3, 3, 3, 1, 1),
(884, 'LB9108A-R2', '', '', '', '', 148, 56, 3, 2, 3, 3, 3, 3, 1, 1),
(885, 'OT-2008SIW', '', '', '', '', 148, 302, 3, 2, 3, 3, 3, 3, 1, 1),
(886, 'OT-3407SVW', '', '', '', '', 148, 302, 2, 3, 10, 3, 2, 3, 1, 1),
(887, 'EDS-P308-SS-SC-T', '', '', '', '', 148, 273, 3, 2, 3, 3, 3, 2, 1, 1),
(888, 'CU2008 ', '', '', '', '', 148, 480, 3, 2, 3, 3, 3, 3, 1, 1),
(889, 'EDS-205', '', '', '', '', 148, 273, 3, 2, 2, 3, 3, 3, 1, 1),
(890, 'EDS-208', '', '', '', '', 148, 273, 3, 2, 3, 3, 3, 3, 1, 1),
(891, 'FSD-804P', '', '', '', '', 148, 316, 3, 2, 3, 3, 3, 2, 1, 1),
(892, 'SG 2622 PR', 'SG2622', '', '', '', 148, 196, 2, 2, 5, 2, 2, 3, 1, 1),
(893, 'SG 2404 SR', 'SG2404SR', 'SG2404', '', '', 148, 196, 2, 3, 5, 3, 2, 3, 1, 1),
(894, 'SG 2620 QR', 'SG2620QR', '', '', '', 148, 196, 3, 3, 5, 2, 3, 3, 1, 1),
(895, 'SG 800C', 'SG800C', '', '', '', 148, 196, 3, 3, 3, 3, 3, 3, 1, 1),
(896, 'SG 2400 QR', 'SG2400QR', '', '', '', 148, 196, 3, 3, 5, 3, 3, 3, 1, 1),
(897, 'PS 2216', 'PS2216', '', '', '', 148, 81, 3, 2, 4, 3, 3, 3, 1, 1),
(898, 'JD994A', '', '', '', '', 148, 3, 2, 2, 6, 2, 2, 3, 1, 1),
(899, 'EVO-FSH5C', '', '', '', '', 148, 303, 3, 2, 2, 3, 3, 3, 1, 1),
(901, 'SMC8505T', '', '', '', '', 148, 370, 3, 3, 2, 3, 3, 3, 1, 1),
(902, '3CGSU05A', '', '', '', '', 148, 5, 3, 3, 2, 3, 3, 3, 1, 1),
(903, 'JD869A', '', '', '', '', 148, 3, 1, 1, 1, 1, 1, 1, 1, 1),
(904, 'J9660A', '', '', '', '', 148, 3, 1, 1, 1, 1, 1, 1, 1, 1),
(908, 'DGS-1210-48', 'DGS121048', 'DGS 1210 48', '', '', 148, 90, 1, 1, 1, 1, 1, 1, 1, 1),
(910, 'DGS-1500-52', '', '', '', '', 148, 90, 1, 1, 1, 1, 1, 1, 1, 1),
(912, 'DGS-1248T', 'DGS 1248T', '', '', '', 148, 90, 1, 1, 1, 1, 1, 1, 1, 1),
(915, 'DES-3052', NULL, NULL, NULL, NULL, 148, 90, 2, 2, 6, 2, 2, 3, 1, 1),
(916, 'DES-1252', NULL, NULL, NULL, NULL, 148, 90, 2, 2, 6, 2, 2, 3, 1, 1),
(917, 'DGS-3450', NULL, NULL, NULL, NULL, 148, 90, 2, 3, 6, 3, 2, 3, 1, 1),
(918, 'DGS-3100-48', NULL, NULL, NULL, NULL, 148, 90, 2, 3, 6, 3, 2, 3, 1, 1),
(919, 'DES-3550', NULL, NULL, NULL, NULL, 148, 90, 2, 2, 6, 2, 2, 3, 1, 1),
(920, 'DES-3200-52', NULL, NULL, NULL, NULL, 148, 90, 2, 2, 6, 2, 2, 3, 1, 1),
(921, 'DES-3552', NULL, NULL, NULL, NULL, 148, 90, 2, 2, 6, 2, 2, 3, 1, 1),
(922, 'JE027A', NULL, NULL, NULL, NULL, 148, 3, 2, 3, 6, 3, 2, 3, 1, 1),
(923, 'J9280A', NULL, NULL, NULL, NULL, 148, 3, 2, 3, 6, 3, 2, 3, 1, 1),
(924, 'J9088A', NULL, NULL, NULL, NULL, 148, 3, 2, 2, 6, 2, 2, 3, 1, 1),
(925, 'TL-SF1048', NULL, NULL, NULL, NULL, 148, 413, 3, 2, 6, 3, 3, 3, 1, 1),
(926, 'TL-SL1351', NULL, NULL, NULL, NULL, 148, 413, 3, 2, 6, 2, 3, 3, 1, 1),
(927, 'TL-SG1048', NULL, NULL, NULL, NULL, 148, 413, 3, 3, 6, 3, 3, 3, 1, 1),
(928, 'TL-SL2452', 'TL-SL2452WEB', NULL, NULL, NULL, 148, 413, 2, 2, 6, 2, 2, 3, 1, 1),
(929, 'TL-SL3452', NULL, NULL, NULL, NULL, 148, 413, 2, 2, 6, 2, 2, 3, 1, 1),
(930, 'SFE2010', NULL, NULL, NULL, NULL, 148, 75, 2, 2, 6, 2, 2, 3, 1, 1),
(931, 'SF500-48-K9-NA', NULL, NULL, NULL, NULL, 148, 75, 2, 2, 6, 2, 2, 3, 1, 1),
(932, 'SLM248G', NULL, NULL, NULL, NULL, 148, 75, 2, 2, 6, 2, 2, 3, 1, 1),
(933, 'SLM248GT-NA', NULL, NULL, NULL, NULL, 148, 75, 2, 2, 6, 2, 2, 3, 1, 1),
(934, 'SLM2048', NULL, NULL, NULL, NULL, 148, 75, 2, 3, 6, 3, 2, 3, 1, 1),
(935, 'SRW2048-K9-NA', NULL, NULL, NULL, NULL, 148, 75, 2, 3, 6, 3, 2, 3, 1, 1),
(936, 'SRW248G4-K9-NA', NULL, NULL, NULL, NULL, 148, 75, 2, 2, 6, 2, 2, 3, 1, 1),
(937, 'SRW2048', 'SRW2048-K9-BR', NULL, NULL, NULL, 148, 75, 2, 3, 6, 3, 2, 3, 1, 1),
(939, 'SRW248G4-K9-BR', 'SRW248G4', NULL, NULL, NULL, 148, 75, 2, 2, 6, 2, 2, 3, 1, 1),
(940, 'SLM2048T-NA', 'SLM2048T', NULL, NULL, NULL, 148, 75, 2, 3, 6, 3, 2, 3, 1, 1),
(941, 'SRW248GA', NULL, NULL, NULL, NULL, 148, 75, 2, 3, 6, 3, 2, 3, 1, 1),
(942, 'FNSW-4800', NULL, NULL, NULL, NULL, 148, 316, 3, 2, 6, 3, 3, 3, 1, 1),
(943, 'WGSW-50040 ', NULL, NULL, NULL, NULL, 148, 316, 2, 3, 6, 3, 2, 3, 1, 1),
(944, 'WGSW-5240 ', NULL, NULL, NULL, NULL, 148, 316, 2, 2, 6, 2, 2, 3, 1, 1),
(945, 'WGSW-5242', NULL, NULL, NULL, NULL, 148, 316, 2, 2, 6, 2, 2, 3, 1, 1),
(946, 'TEG-2248WS', NULL, NULL, NULL, NULL, 148, 417, 2, 2, 6, 2, 2, 3, 1, 1),
(947, 'TEG-448WS ', NULL, NULL, NULL, NULL, 148, 417, 2, 3, 6, 3, 2, 3, 1, 1),
(948, 'FS750T2', NULL, NULL, NULL, NULL, 148, 283, 2, 2, 6, 2, 2, 3, 1, 1),
(949, 'GS748TS-100NAS', NULL, NULL, NULL, NULL, 148, 283, 2, 3, 6, 3, 2, 3, 1, 1),
(950, 'FS752TSNA', NULL, NULL, NULL, NULL, 148, 283, 2, 2, 6, 2, 2, 3, 1, 1),
(951, '3CBLSF50H', NULL, NULL, NULL, NULL, 148, 5, 2, 2, 6, 2, 2, 3, 1, 1),
(952, '3CR17334-91', NULL, NULL, NULL, NULL, 148, 5, 2, 2, 6, 2, 2, 3, 1, 1),
(953, '3C16476CS', '3C16476BS', NULL, NULL, NULL, 148, 5, 2, 2, 6, 2, 2, 3, 1, 1);

-- --------------------------------------------------------

--
-- Table structure for table `NCM`
--

CREATE TABLE `NCM` (
  `NID` int(11) NOT NULL AUTO_INCREMENT,
  `NNome` varchar(45) DEFAULT NULL,
  `NDescricao` varchar(150) DEFAULT NULL,
  PRIMARY KEY (`NID`)
) ENGINE=InnoDB  DEFAULT CHARSET=latin1 AUTO_INCREMENT=26 ;

--
-- Dumping data for table `NCM`
--

INSERT INTO `NCM` (`NID`, `NNome`, `NDescricao`) VALUES
(18, '85171100', 'Telefones sem fio'),
(19, '85176259', ''),
(20, '85176294', ''),
(21, '85176239', ''),
(22, '85176254', 'testetetstets');

-- --------------------------------------------------------

--
-- Table structure for table `NCM_has_Categoria`
--

CREATE TABLE `NCM_has_Categoria` (
  `NCM_NID` int(11) NOT NULL,
  `Categoria_CID` int(11) NOT NULL,
  PRIMARY KEY (`NCM_NID`,`Categoria_CID`),
  KEY `fk_NCM_has_Categoria_Categoria1_idx` (`Categoria_CID`),
  KEY `fk_NCM_has_Categoria_NCM1_idx` (`NCM_NID`)
) ENGINE=InnoDB DEFAULT CHARSET=latin1;

--
-- Dumping data for table `NCM_has_Categoria`
--

INSERT INTO `NCM_has_Categoria` (`NCM_NID`, `Categoria_CID`) VALUES
(19, 146),
(22, 146),
(20, 148),
(21, 148),
(19, 160),
(20, 160),
(21, 160);

-- --------------------------------------------------------

--
-- Table structure for table `Request`
--

CREATE TABLE `Request` (
  `RequestID` int(11) NOT NULL AUTO_INCREMENT,
  `User_UserID` int(11) DEFAULT NULL,
  `RequestNcm` int(8) DEFAULT NULL,
  `RequestAno` int(4) DEFAULT NULL,
  `RequestIDN` int(11) DEFAULT NULL,
  `RequestMarca` varchar(45) DEFAULT NULL,
  `RequestModelo` varchar(45) DEFAULT NULL,
  `RequestMensagem` varchar(145) DEFAULT NULL,
  PRIMARY KEY (`RequestID`),
  KEY `fk_Request_User1_idx` (`User_UserID`),
  KEY `User_UserID` (`User_UserID`)
) ENGINE=InnoDB  DEFAULT CHARSET=latin1 AUTO_INCREMENT=10 ;

--
-- Dumping data for table `Request`
--

INSERT INTO `Request` (`RequestID`, `User_UserID`, `RequestNcm`, `RequestAno`, `RequestIDN`, `RequestMarca`, `RequestModelo`, `RequestMensagem`) VALUES
(7, 3, 85171100, 2011, 41, 'Marca', 'Modelo', 'mensagem'),
(8, 3, 85171100, 2011, 93, 'intelbras', 'teste', 'alterar para marca intelbras e modelo teste'),
(9, 3, 85176294, 2012, 5086, 'marca teste', 'modelo teste', 'iaushdiashd');

-- --------------------------------------------------------

--
-- Table structure for table `Sheet1`
--

CREATE TABLE `Sheet1` (
  `MOID` int(3) DEFAULT NULL,
  `Mnome` varchar(14) DEFAULT NULL,
  `MNome1` varchar(13) DEFAULT NULL,
  `MNome2` varchar(10) DEFAULT NULL,
  `MNome3` varchar(10) DEFAULT NULL,
  `MNome4` varchar(10) DEFAULT NULL,
  `Categoria_CID` int(3) DEFAULT NULL,
  `Marca_MAID` int(3) DEFAULT NULL,
  `SubCategoria1_SCID` int(1) DEFAULT NULL,
  `SubCategoria2_SCID` int(1) DEFAULT NULL,
  `SubCategoria3_SCID` int(1) DEFAULT NULL,
  `SubCategoria4_SCID` int(1) DEFAULT NULL,
  `SubCategoria5_SCID` int(1) DEFAULT NULL,
  `SubCategoria6_SCID` int(1) DEFAULT NULL,
  `SubCategoria7_SCID` int(1) DEFAULT NULL,
  `SubCategoria8_SCID` int(1) DEFAULT NULL
) ENGINE=InnoDB DEFAULT CHARSET=utf8;

--
-- Dumping data for table `Sheet1`
--

INSERT INTO `Sheet1` (`MOID`, `Mnome`, `MNome1`, `MNome2`, `MNome3`, `MNome4`, `Categoria_CID`, `Marca_MAID`, `SubCategoria1_SCID`, `SubCategoria2_SCID`, `SubCategoria3_SCID`, `SubCategoria4_SCID`, `SubCategoria5_SCID`, `SubCategoria6_SCID`, `SubCategoria7_SCID`, `SubCategoria8_SCID`) VALUES
(915, 'DES-3052', NULL, NULL, NULL, NULL, 148, 90, 2, 2, 6, 2, 2, 3, 1, 1),
(916, 'DES-1252', NULL, NULL, NULL, NULL, 148, 90, 2, 2, 6, 2, 2, 3, 1, 1),
(917, 'DGS-3450', NULL, NULL, NULL, NULL, 148, 90, 2, 3, 6, 3, 2, 3, 1, 1),
(918, 'DGS-3100-48', NULL, NULL, NULL, NULL, 148, 90, 2, 3, 6, 3, 2, 3, 1, 1),
(919, 'DES-3550', NULL, NULL, NULL, NULL, 148, 90, 2, 2, 6, 2, 2, 3, 1, 1),
(920, 'DES-3200-52', NULL, NULL, NULL, NULL, 148, 90, 2, 2, 6, 2, 2, 3, 1, 1),
(921, 'DES-3552', NULL, NULL, NULL, NULL, 148, 90, 2, 2, 6, 2, 2, 3, 1, 1),
(922, 'JE027A', NULL, NULL, NULL, NULL, 148, 3, 2, 3, 6, 3, 2, 3, 1, 1),
(923, 'J9280A', NULL, NULL, NULL, NULL, 148, 3, 2, 3, 6, 3, 2, 3, 1, 1),
(924, 'J9088A', NULL, NULL, NULL, NULL, 148, 3, 2, 2, 6, 2, 2, 3, 1, 1),
(925, 'TL-SF1048', NULL, NULL, NULL, NULL, 148, 413, 3, 2, 6, 3, 3, 3, 1, 1),
(926, 'TL-SL1351', NULL, NULL, NULL, NULL, 148, 413, 3, 2, 6, 2, 3, 3, 1, 1),
(927, 'TL-SG1048', NULL, NULL, NULL, NULL, 148, 413, 3, 3, 6, 3, 3, 3, 1, 1),
(928, 'TL-SL2452', 'TL-SL2452WEB', NULL, NULL, NULL, 148, 413, 2, 2, 6, 2, 2, 3, 1, 1),
(929, 'TL-SL3452', NULL, NULL, NULL, NULL, 148, 413, 2, 2, 6, 2, 2, 3, 1, 1),
(930, 'SFE2010', NULL, NULL, NULL, NULL, 148, 75, 2, 2, 6, 2, 2, 3, 1, 1),
(931, 'SF500-48-K9-NA', NULL, NULL, NULL, NULL, 148, 75, 2, 2, 6, 2, 2, 3, 1, 1),
(932, 'SLM248G', NULL, NULL, NULL, NULL, 148, 75, 2, 2, 6, 2, 2, 3, 1, 1),
(933, 'SLM248GT-NA', NULL, NULL, NULL, NULL, 148, 75, 2, 2, 6, 2, 2, 3, 1, 1),
(934, 'SLM2048', NULL, NULL, NULL, NULL, 148, 75, 2, 3, 6, 3, 2, 3, 1, 1),
(935, 'SRW2048-K9-NA', NULL, NULL, NULL, NULL, 148, 75, 2, 3, 6, 3, 2, 3, 1, 1),
(936, 'SRW248G4-K9-NA', NULL, NULL, NULL, NULL, 148, 75, 2, 2, 6, 2, 2, 3, 1, 1),
(937, 'SRW2048', 'SRW2048-K9-BR', NULL, NULL, NULL, 148, 75, 2, 3, 6, 3, 2, 3, 1, 1),
(939, 'SRW248G4-K9-BR', 'SRW248G4', NULL, NULL, NULL, 148, 75, 2, 2, 6, 2, 2, 3, 1, 1),
(940, 'SLM2048T-NA', 'SLM2048T', NULL, NULL, NULL, 148, 75, 2, 3, 6, 3, 2, 3, 1, 1),
(941, 'SRW248GA', NULL, NULL, NULL, NULL, 148, 75, 2, 3, 6, 3, 2, 3, 1, 1),
(942, 'FNSW-4800', NULL, NULL, NULL, NULL, 148, 316, 3, 2, 6, 3, 3, 3, 1, 1),
(943, 'WGSW-50040 ', NULL, NULL, NULL, NULL, 148, 316, 2, 3, 6, 3, 2, 3, 1, 1),
(944, 'WGSW-5240 ', NULL, NULL, NULL, NULL, 148, 316, 2, 2, 6, 2, 2, 3, 1, 1),
(945, 'WGSW-5242', NULL, NULL, NULL, NULL, 148, 316, 2, 2, 6, 2, 2, 3, 1, 1),
(946, 'TEG-2248WS', NULL, NULL, NULL, NULL, 148, 417, 2, 2, 6, 2, 2, 3, 1, 1),
(947, 'TEG-448WS ', NULL, NULL, NULL, NULL, 148, 417, 2, 3, 6, 3, 2, 3, 1, 1),
(948, 'FS750T2', NULL, NULL, NULL, NULL, 148, 283, 2, 2, 6, 2, 2, 3, 1, 1),
(949, 'GS748TS-100NAS', NULL, NULL, NULL, NULL, 148, 283, 2, 3, 6, 3, 2, 3, 1, 1),
(950, 'FS752TSNA', NULL, NULL, NULL, NULL, 148, 283, 2, 2, 6, 2, 2, 3, 1, 1),
(951, '3CBLSF50H', NULL, NULL, NULL, NULL, 148, 5, 2, 2, 6, 2, 2, 3, 1, 1),
(952, '3CR17334-91', NULL, NULL, NULL, NULL, 148, 5, 2, 2, 6, 2, 2, 3, 1, 1),
(953, '3C16476CS', '3C16476BS', NULL, NULL, NULL, 148, 5, 2, 2, 6, 2, 2, 3, 1, 1);

-- --------------------------------------------------------

--
-- Table structure for table `SubCategoria1`
--

CREATE TABLE `SubCategoria1` (
  `SCID` int(11) NOT NULL AUTO_INCREMENT,
  `SCNome` varchar(45) DEFAULT NULL,
  `Categoria_CID` int(11) NOT NULL,
  PRIMARY KEY (`SCID`,`Categoria_CID`),
  KEY `fk_SubCategoria1_Categoria1_idx` (`Categoria_CID`)
) ENGINE=InnoDB  DEFAULT CHARSET=latin1 AUTO_INCREMENT=13 ;

--
-- Dumping data for table `SubCategoria1`
--

INSERT INTO `SubCategoria1` (`SCID`, `SCNome`, `Categoria_CID`) VALUES
(1, '-', 1),
(2, 'Layer 2', 148),
(3, 'Layer 1', 148),
(4, 'Layer 3', 148),
(5, 'Layer 2 Stackable', 148);

-- --------------------------------------------------------

--
-- Table structure for table `SubCategoria2`
--

CREATE TABLE `SubCategoria2` (
  `SCID` int(11) NOT NULL AUTO_INCREMENT,
  `SCNome` varchar(45) DEFAULT NULL,
  `Categoria_CID` int(11) NOT NULL,
  PRIMARY KEY (`SCID`,`Categoria_CID`),
  KEY `fk_SubCategoria1_Categoria1_idx` (`Categoria_CID`)
) ENGINE=InnoDB  DEFAULT CHARSET=latin1 AUTO_INCREMENT=15 ;

--
-- Dumping data for table `SubCategoria2`
--

INSERT INTO `SubCategoria2` (`SCID`, `SCNome`, `Categoria_CID`) VALUES
(1, '-', 1),
(2, '10/100Mbps', 148),
(3, '10/100/1000Mbps', 148),
(14, 'FAST', 160);

-- --------------------------------------------------------

--
-- Table structure for table `SubCategoria3`
--

CREATE TABLE `SubCategoria3` (
  `SCID` int(11) NOT NULL AUTO_INCREMENT,
  `SCNome` varchar(45) DEFAULT NULL,
  `Categoria_CID` int(11) NOT NULL,
  PRIMARY KEY (`SCID`,`Categoria_CID`),
  KEY `fk_SubCategoria1_Categoria1_idx` (`Categoria_CID`)
) ENGINE=InnoDB  DEFAULT CHARSET=latin1 AUTO_INCREMENT=14 ;

--
-- Dumping data for table `SubCategoria3`
--

INSERT INTO `SubCategoria3` (`SCID`, `SCNome`, `Categoria_CID`) VALUES
(1, '-', 1),
(2, '5', 148),
(3, '8', 148),
(4, '16', 148),
(5, '24', 148),
(6, '48', 148),
(7, '20', 148),
(8, '12', 148),
(9, '52', 148),
(10, '4', 148);

-- --------------------------------------------------------

--
-- Table structure for table `SubCategoria4`
--

CREATE TABLE `SubCategoria4` (
  `SCID` int(11) NOT NULL AUTO_INCREMENT,
  `SCNome` varchar(45) DEFAULT NULL,
  `Categoria_CID` int(11) NOT NULL,
  PRIMARY KEY (`SCID`,`Categoria_CID`),
  KEY `fk_SubCategoria1_Categoria1_idx` (`Categoria_CID`)
) ENGINE=InnoDB  DEFAULT CHARSET=latin1 AUTO_INCREMENT=4 ;

--
-- Dumping data for table `SubCategoria4`
--

INSERT INTO `SubCategoria4` (`SCID`, `SCNome`, `Categoria_CID`) VALUES
(1, '-', 1),
(2, 'Sim', 148),
(3, 'No', 148);

-- --------------------------------------------------------

--
-- Table structure for table `SubCategoria5`
--

CREATE TABLE `SubCategoria5` (
  `SCID` int(11) NOT NULL AUTO_INCREMENT,
  `SCNome` varchar(45) DEFAULT NULL,
  `Categoria_CID` int(11) NOT NULL,
  PRIMARY KEY (`SCID`,`Categoria_CID`),
  KEY `fk_SubCategoria1_Categoria1_idx` (`Categoria_CID`)
) ENGINE=InnoDB  DEFAULT CHARSET=latin1 AUTO_INCREMENT=4 ;

--
-- Dumping data for table `SubCategoria5`
--

INSERT INTO `SubCategoria5` (`SCID`, `SCNome`, `Categoria_CID`) VALUES
(1, '-', 1),
(2, 'Sim', 148),
(3, 'No', 148);

-- --------------------------------------------------------

--
-- Table structure for table `SubCategoria6`
--

CREATE TABLE `SubCategoria6` (
  `SCID` int(11) NOT NULL AUTO_INCREMENT,
  `SCNome` varchar(45) DEFAULT NULL,
  `Categoria_CID` int(11) NOT NULL,
  PRIMARY KEY (`SCID`,`Categoria_CID`),
  KEY `fk_SubCategoria1_Categoria1_idx` (`Categoria_CID`)
) ENGINE=InnoDB  DEFAULT CHARSET=latin1 AUTO_INCREMENT=4 ;

--
-- Dumping data for table `SubCategoria6`
--

INSERT INTO `SubCategoria6` (`SCID`, `SCNome`, `Categoria_CID`) VALUES
(1, '-', 1),
(2, 'Sim', 148),
(3, 'No', 148);

-- --------------------------------------------------------

--
-- Table structure for table `SubCategoria7`
--

CREATE TABLE `SubCategoria7` (
  `SCID` int(11) NOT NULL AUTO_INCREMENT,
  `SCNome` varchar(45) DEFAULT NULL,
  `Categoria_CID` int(11) NOT NULL,
  PRIMARY KEY (`SCID`,`Categoria_CID`),
  KEY `fk_SubCategoria1_Categoria1_idx` (`Categoria_CID`)
) ENGINE=InnoDB  DEFAULT CHARSET=latin1 AUTO_INCREMENT=2 ;

--
-- Dumping data for table `SubCategoria7`
--

INSERT INTO `SubCategoria7` (`SCID`, `SCNome`, `Categoria_CID`) VALUES
(1, '-', 1);

-- --------------------------------------------------------

--
-- Table structure for table `SubCategoria8`
--

CREATE TABLE `SubCategoria8` (
  `SCID` int(11) NOT NULL AUTO_INCREMENT,
  `SCNome` varchar(45) DEFAULT NULL,
  `Categoria_CID` int(11) NOT NULL,
  PRIMARY KEY (`SCID`,`Categoria_CID`),
  KEY `fk_SubCategoria1_Categoria1_idx` (`Categoria_CID`)
) ENGINE=InnoDB  DEFAULT CHARSET=latin1 AUTO_INCREMENT=2 ;

--
-- Dumping data for table `SubCategoria8`
--

INSERT INTO `SubCategoria8` (`SCID`, `SCNome`, `Categoria_CID`) VALUES
(1, '-', 1);

-- --------------------------------------------------------

--
-- Table structure for table `Titulo`
--

CREATE TABLE `Titulo` (
  `TID` int(11) NOT NULL AUTO_INCREMENT,
  `TNome` varchar(45) DEFAULT NULL,
  `TColuna` varchar(45) DEFAULT NULL,
  `Categoria_CID` int(11) NOT NULL,
  PRIMARY KEY (`TID`,`Categoria_CID`),
  KEY `fk_Titulo_Categoria1_idx` (`Categoria_CID`)
) ENGINE=InnoDB  DEFAULT CHARSET=latin1 AUTO_INCREMENT=76 ;

--
-- Dumping data for table `Titulo`
--

INSERT INTO `Titulo` (`TID`, `TNome`, `TColuna`, `Categoria_CID`) VALUES
(2, 'Velocidade', '2', 148),
(3, 'Portas', '3', 148),
(4, 'Uplink ETH', '4', 148),
(5, 'Uplink SFP', '5', 148),
(6, 'PoE', '6', 148),
(11, 'Gerenciamento', '1', 148),
(42, 'teste', '2', 142),
(74, 'portas', '1', 160),
(75, 'velocidade', '2', 160);

-- --------------------------------------------------------

--
-- Table structure for table `User`
--

CREATE TABLE `User` (
  `UserID` int(11) NOT NULL AUTO_INCREMENT,
  `UserName` varchar(45) DEFAULT NULL,
  `UserLogin` varchar(45) DEFAULT NULL,
  `UserPassword` varchar(45) DEFAULT NULL,
  `UserType` int(11) DEFAULT NULL,
  PRIMARY KEY (`UserID`)
) ENGINE=InnoDB  DEFAULT CHARSET=latin1 AUTO_INCREMENT=4 ;

--
-- Dumping data for table `User`
--

INSERT INTO `User` (`UserID`, `UserName`, `UserLogin`, `UserPassword`, `UserType`) VALUES
(1, 'admin', 'admin', 'admin', 1),
(2, 'Vitor Atair', 'vitor', 'lockinet', 1),
(3, 'user', 'user', 'user', 2);

-- --------------------------------------------------------

--
-- Table structure for table `Usuario`
--

CREATE TABLE `Usuario` (
  `usuarioID` int(11) NOT NULL AUTO_INCREMENT,
  `usuarioNome` varchar(45) NOT NULL,
  `usuarioLogin` varchar(10) NOT NULL,
  `usuarioPassword` varchar(10) NOT NULL,
  `usuarioEmail` varchar(45) NOT NULL,
  `tipoID` int(11) NOT NULL,
  PRIMARY KEY (`usuarioID`)
) ENGINE=InnoDB  DEFAULT CHARSET=latin1 AUTO_INCREMENT=2 ;

--
-- Dumping data for table `Usuario`
--

INSERT INTO `Usuario` (`usuarioID`, `usuarioNome`, `usuarioLogin`, `usuarioPassword`, `usuarioEmail`, `tipoID`) VALUES
(1, 'Vitor Atair', 'vitor', 'lockinet', 'vitor.ruts@gmail.com', 1);

--
-- Constraints for dumped tables
--

--
-- Constraints for table `Modelo`
--
ALTER TABLE `Modelo`
  ADD CONSTRAINT `Modelo_ibfk_1` FOREIGN KEY (`SubCategoria1_SCID`) REFERENCES `SubCategoria1` (`SCID`) ON DELETE NO ACTION ON UPDATE NO ACTION,
  ADD CONSTRAINT `Modelo_ibfk_2` FOREIGN KEY (`SubCategoria2_SCID`) REFERENCES `SubCategoria2` (`SCID`) ON DELETE NO ACTION ON UPDATE NO ACTION,
  ADD CONSTRAINT `Modelo_ibfk_3` FOREIGN KEY (`SubCategoria3_SCID`) REFERENCES `SubCategoria3` (`SCID`) ON DELETE NO ACTION ON UPDATE NO ACTION,
  ADD CONSTRAINT `Modelo_ibfk_4` FOREIGN KEY (`SubCategoria4_SCID`) REFERENCES `SubCategoria4` (`SCID`) ON DELETE NO ACTION ON UPDATE NO ACTION,
  ADD CONSTRAINT `Modelo_ibfk_5` FOREIGN KEY (`SubCategoria5_SCID`) REFERENCES `SubCategoria5` (`SCID`) ON DELETE NO ACTION ON UPDATE NO ACTION,
  ADD CONSTRAINT `Modelo_ibfk_6` FOREIGN KEY (`SubCategoria6_SCID`) REFERENCES `SubCategoria6` (`SCID`) ON DELETE NO ACTION ON UPDATE NO ACTION,
  ADD CONSTRAINT `Modelo_ibfk_7` FOREIGN KEY (`SubCategoria7_SCID`) REFERENCES `SubCategoria7` (`SCID`) ON DELETE NO ACTION ON UPDATE NO ACTION,
  ADD CONSTRAINT `Modelo_ibfk_8` FOREIGN KEY (`SubCategoria8_SCID`) REFERENCES `SubCategoria8` (`SCID`) ON DELETE NO ACTION ON UPDATE NO ACTION;

--
-- Constraints for table `NCM_has_Categoria`
--
ALTER TABLE `NCM_has_Categoria`
  ADD CONSTRAINT `fk_NCM_has_Categoria_Categoria1` FOREIGN KEY (`Categoria_CID`) REFERENCES `Categoria` (`CID`) ON DELETE NO ACTION ON UPDATE NO ACTION,
  ADD CONSTRAINT `fk_NCM_has_Categoria_NCM1` FOREIGN KEY (`NCM_NID`) REFERENCES `NCM` (`NID`) ON DELETE NO ACTION ON UPDATE NO ACTION;

--
-- Constraints for table `Request`
--
ALTER TABLE `Request`
  ADD CONSTRAINT `Request_ibfk_1` FOREIGN KEY (`User_UserID`) REFERENCES `User` (`UserID`) ON DELETE NO ACTION ON UPDATE NO ACTION;

--
-- Constraints for table `SubCategoria1`
--
ALTER TABLE `SubCategoria1`
  ADD CONSTRAINT `fk_SubCategoria1_Categoria1` FOREIGN KEY (`Categoria_CID`) REFERENCES `Categoria` (`CID`) ON DELETE NO ACTION ON UPDATE NO ACTION;

--
-- Constraints for table `SubCategoria2`
--
ALTER TABLE `SubCategoria2`
  ADD CONSTRAINT `fk_SubCategoria1_Categoria10` FOREIGN KEY (`Categoria_CID`) REFERENCES `Categoria` (`CID`) ON DELETE NO ACTION ON UPDATE NO ACTION;

--
-- Constraints for table `SubCategoria3`
--
ALTER TABLE `SubCategoria3`
  ADD CONSTRAINT `fk_SubCategoria1_Categoria100` FOREIGN KEY (`Categoria_CID`) REFERENCES `Categoria` (`CID`) ON DELETE NO ACTION ON UPDATE NO ACTION;

--
-- Constraints for table `SubCategoria4`
--
ALTER TABLE `SubCategoria4`
  ADD CONSTRAINT `fk_SubCategoria1_Categoria1000` FOREIGN KEY (`Categoria_CID`) REFERENCES `Categoria` (`CID`) ON DELETE NO ACTION ON UPDATE NO ACTION;

--
-- Constraints for table `SubCategoria5`
--
ALTER TABLE `SubCategoria5`
  ADD CONSTRAINT `fk_SubCategoria1_Categoria10000` FOREIGN KEY (`Categoria_CID`) REFERENCES `Categoria` (`CID`) ON DELETE NO ACTION ON UPDATE NO ACTION;

--
-- Constraints for table `SubCategoria6`
--
ALTER TABLE `SubCategoria6`
  ADD CONSTRAINT `fk_SubCategoria1_Categoria100000` FOREIGN KEY (`Categoria_CID`) REFERENCES `Categoria` (`CID`) ON DELETE NO ACTION ON UPDATE NO ACTION;

--
-- Constraints for table `SubCategoria7`
--
ALTER TABLE `SubCategoria7`
  ADD CONSTRAINT `fk_SubCategoria1_Categoria1000000` FOREIGN KEY (`Categoria_CID`) REFERENCES `Categoria` (`CID`) ON DELETE NO ACTION ON UPDATE NO ACTION;

--
-- Constraints for table `SubCategoria8`
--
ALTER TABLE `SubCategoria8`
  ADD CONSTRAINT `fk_SubCategoria1_Categoria10000000` FOREIGN KEY (`Categoria_CID`) REFERENCES `Categoria` (`CID`) ON DELETE NO ACTION ON UPDATE NO ACTION;

--
-- Constraints for table `Titulo`
--
ALTER TABLE `Titulo`
  ADD CONSTRAINT `fk_Titulo_Categoria1` FOREIGN KEY (`Categoria_CID`) REFERENCES `Categoria` (`CID`) ON DELETE NO ACTION ON UPDATE NO ACTION;

/*!40101 SET CHARACTER_SET_CLIENT=@OLD_CHARACTER_SET_CLIENT */;
/*!40101 SET CHARACTER_SET_RESULTS=@OLD_CHARACTER_SET_RESULTS */;
/*!40101 SET COLLATION_CONNECTION=@OLD_COLLATION_CONNECTION */;
